196,10258,25133,12427,46149,49235,13032
13712,329,27845,23339
24852,47766,13249,45066,9387,486,22312,21903,49683,47119,47626,1516,28985,15579,16185,39024,25659
39527,34050,4793,30440,27966,23233
30742,9681,47626,20574,47209,17027,11576,13176
33894,9508,14778,28199,45596,4792,39832,36978,17982,31663,34287,24799,20955,17743,41650
42450,23106,38241,7533,42598
10032,49296,15472,26910,49633,42016,23026,46674,287
15649,31717,41433,5456,17794,24852,7948,22151
13176,27845,11843,47029,2716,13712
49683,42450,7131,21903,28465,44359,34466,34214,31040,29487,25043,18926,45066,432,10749,24799
5077,19678,34126,10644,22935,9365,34358,14540,17316
9337,15803,26209,25890,25659,24964,24852,30776,21903,44632,43295,35951,41259,24035,45007,34137,41149,49683,13535
40516,10193,10555,30551,16797,5460
3957,49235,5876,42736,16617,40992,21903,46676,432
24852,4210,38452,22035,30995,46166,27086,4605,21938
16696,38371
48364,5916,8899,9710,26618,2846,2856,19904,33174,11071,16349
1062,10374,45443,32331,29094
12080,27985,6350,21246,37422
31805
6846,26384,4210,8859,3040,9515,39993,24852,49342,3308,15125
47766,13176,3952,24759,5876,22935,32655,47029,5353,19990,34329,41290,17847,11005,18471,47156,27845,16525,34126
7762,7883,43483,21288,39224,38739,19539,17008
37066,38228,6016,35786,28199,30353,27313,4778,49520,16953,27510,32939,32650,14722,46842
35652,8803
43154,46516,45860,8021,26047,3213,14573,11760,10385,7622,29127,38129,20163
13198,49683,11143,30290,41220,6361,14639
3919,13576,1117,37220,25544,9558
39475,47766,11520,7503,37067,24964,2078,42221,9032,32134,36922
25405,40467
46149,21573,1966
16797,49683,10761,9534,4421,21903,13176
43457,32650,31964,37997
46823,13176,310
47144,21137,45066,23806,18027
693,5692,19634,38689,11707,34050,43961,15011
22878,23621,44177,32438,47058,26211,45064,11463,22617,1461,35372,5559,27796,10053,37211,23965,12767,23537,34865
25890,44310,39877,5785,46650,36766,49683,42265,2295,44292,17835,38539,17902,31932
17334,39179,32691,6350,5296,2538,23955,49522,17649,12980,36403,20862,3229,18895
24852,44562,3562,9741,27246
5097,45234,34063,7328,35042
48835,35547,8021,18027,42557
11520,31378,35845,12341,31717,22935,5876,35898,10749,31073
24852,4210,4920,16797,26604,13517,45066,26209,28199,42450,44787,28597,3634,37464
10957,49191,19484,15404,42667,25191
7644,19006,23734,34969,35042
27966,11233,24852,47248,14903,2668,35727,11362,12144,39275,15780,13203,4011,33313,45840,18721,3318,15902,32360,38533,12218,27196,9284
46676,28204,40706,41787,46979,26800,21903,48058,20842,47626,5212,16349,42265,18370,49075,47209,1994,42699,15290
35042,16797,21118
20947,6287,29627,25010,5241,20794,16398,5073,5450,48679
47766,48335,46616,25762,29370,31766,27509,31701,48057,38264
19511,43352,27024,47766,25340,21295,18926,33731,45007,47626,14335
40583,12395,19017,39561,34137,23375,45066,19154,34466,22959,25837,27663,14112,21070
47042,37029,25138,7314,13176,18531,8518,37646,19057,27845,18362,17971,16048,27156,44479
16797,11286,17316,19604,13740,41808,19202,42731,47672,2745,42013
44632,10518,23543,24964,8277,432,38383,47209,39621,10199,45007,44359,20995,23165,11182
45154,3824
22117,24852,16797,39108,33515,32167,18498,40591,32433,30517,5782
37694,39955,22387,7898,1958,21338
37460,21386,39758,33589,29830,39491,33787,33754,19821,33548,20876,42372
37067,15816,16823,38015,39228,48437,26604,41408
13176,22935,32734,1540,18975,11005,33731
13176,34050,20842,21137,27966,30720,11182,21903,28985,28171,27104,45007,8518,30305,41065,28842
10504,45066,44422,36011,11980,11100,22035,8518,48679,2295,24852,4920,47766,16083,25659,24583,31805,32579,30450,16759,17206,11005,33731,47029,23165,36082,8174,43933,3145
44368
24852,28204,25830,30659,16797
19660,32524,9779,35948,14233,4932,30169,40571,6101,11777,30505,37524,32099,2180,46257,26315,5876,5812,22664,8277
13176,47229,44882
5025,48205
43693,4382,15263,27307,8641,42834,13396,21059,43616
7781,25890,13629,43933,27521,34584,24852,260,18479,44683,48679,7948,11786,41787,44193
26620,17191,40348,23687,5315,14780,33193,29628,46522,47626,25494,35113
21137,20906,36695,9477,24830,20520,31258,13113,29066,35321
31651,43721,39657,15680,44853,43739
47766,24852,5451,14218,4920,28204,16797,26604,6987,28986,5025
12820,7781,26790,24413,18629,27845,18072,44201,21137,6615,27104,27344,10644
35221,28934,39040,38750,18479,23161,5373,26981,39194,10874,25817,33786
30387,19600,10673,18805,34234,45066,40261
14702,42617,19057,5450,45007
47144,14161,20833
16797,21903,27323,43352
23334,49131,2982,45603,43961,24082,47766,13563,28553,30391,40706,11481,13083,42145,8479
24852,23472,5785
25890,28204,16965,34854,11361,4461,27928,44372
21137,27966,43768,24221,39928,1244
47209,13176,18465,48857,5876,27104,42265,39928,38689,30391,34530,41665,42342,8277,9839,9808,22963,46906,43726,46969,38419,37029,22825
39275,26128,24838,24489,32429
649,23219,22667,354,5047,10333
5120,11819,49497,21405,10096,7088,21413,33733,41743
10957,10951,27288,21834,38444
35221,5449,4086,30391,21903,7673,27845,5086,23165,31717,8955

22935,11839,13252,24852,36011,44632,47766,48595,32227,44560,6627,28535,16262,17988,20899
24024,42265,24852,21903,30489
47766,42719,2855,31927,16797,21903,13949,10749,18434,33590,42342,19678
13176,27663,40386,33055,39190,40742,45104,13819,21174,37388,45635
20021,3880,649,33184,17316,13733
40942,19389,20995,26073,7606,9076
30353,6414,21293,27275,28571,3308,41844
36118,38544,1582,38985,5785,18908,2750,22825,1447,27966
48809,29529,8072
28476,16797,43352,34949,28289,46979,21376,49260,47626,4605,5450,20734
15424,40332,8193,15772,6046,8424,4605
17758,26604,9076,35336,46842,46041,40348,43693,40310,33357,27313,9007
8277,17461,47209,13176,5251,32864,38689,45081,47626,21903,24964,36522,24852
34329,30274,46802,39275,20754,28204,20842
16900,13909,41373,5025,45116,36322,21019,20955,45007,13194,34466,27246,4306,30407
12341,8571,10227,46041,32717,6184,22218
41950,27925,5876,15872,12290
30776,4006,11827,38185,7963
17316,42959,48769,1642,3593,49060,17965,31066,38888
36735,12456,23543,34969,2537,35213,20879
16813,30307,35378,43100,45255,205,3765,32156
45007,329,43295,5760,9218,21607
40939,15747,23909,42607,25896,30983,12657,184
10753,47209,26098,27845,9687,36695,26940,1392
9894,12332,35163,351,32707
8580,13176,16611,25706,41290,7781,5019,23425,19080,8501,44292,2078,6184,25985,15359,32722,29077,2876,2009
9755,40486,11123,13874,26779,47353,16327
4472,31717,47209,15405,21137,18465,39245,13176
41665,41273,24830,39286,39646,24531,34969,26209
33768
17183,37687,21497,33120,11790,23537,45066,2326
24852,35752,2489
16797,23288,43352,15153,39275
16558,5479,39108,45254,19068,44449,1074,33825
27966,24186,34969,5385,16757,41665,35072,194,7781,40261,16518
33957,29373,45812
35921,9337,25198,18171,6515,44663,43920,26540,47021,44628,4288
31808,14464,22620,7955,31450,591,35909
10032,21376,33614,21689,5787,15600,17993,38247,33464,47226,8536,20607,37366,33827,40332,47728
37067,19057,22035,42265,39877,44765,45066,21019,17949,7485
27156,19660,19875,47766,1408,4957,29487,43369
11941,7963,24841,9364,26209,38889,19384,7381
18610,41290,7260,43967,30391,18418,23554,37067,37552,5428,22089,25146,28123,8174
194,13245,46979,33198,13176,24852,45698
49683,47626,28842,21903,47766,20114,24964,23543,13984,21405,16432,44142,4942,24852,46667,19505,1940
21137,18465,25949,26604,47209,46969
12440,49235,24852,14127,21137,17579,46979,47280,45007,24964,890,22935,45700,32655
1046,37229,49683,9830,19348
13176,17316,28199,41699,29387,44422
46004,22619,2668,35727,26714,1503,2151,38185,23729,25115,49325,22124,24852,35702,18926,24184,31725,15290,25588,45475
5428,26606,14715
24852,13629,49235,20995,47766,21053,28062,34126,45264
11619,6182,15649,40706,35633,23282,12499,5479,47626,47766,8518,39928,38028,5194,47209
44533,1194,12341,33198,18523,25197,5240,4960
30489,20842,44229,37215
20772,26029,33875,14875,4267,5923,14618,516,32796
17948,21137,32486,11352,3020,34134,38374,32030,48442,38985,29363,38288,13802,1039,29092,39877,29337,18465,44359
20574,33787,4957,33754,24561,31528,24852,39099,41047,16363,31040,39299,37687,8138
47329,23296,48626,13176,17294,24125,13870
13870,28156,32864
5479,38779,7748,9550,24852,32781,33754,24518,9808,21137
14118,24852,27356,196,31116,37096,41787,5244,37766
46260,37646,24852,45788,16185,48559,3957,40396
24852,49621,30391,24385,16759,27086,7806,11712,34358,18352,29668,41220,4920,47144,8518,37646,27521
22935,33198,4790,46654,33120,39877,5876,12975,17027
47577,21567,129,7786,4137,19987,19097,14111,23375,44325,43195
13176,4920,47209,35921,27695,5212
13176,29447,16254,17459,31730,9477,27845,36994,44479,29285,1643,33647,45007,35132,19057,47209,38311,20282,36205,32429,9373,41970
16953,33846,24852,28204,4374,43867,12945,43945,26384,8066,48642
47141,9292
20178,15872
24852,19893,36685,9387,35378,11182,43565,43772,47966
41950,41658,17794,14814,18465,26723,4391,13083,29544,21903,46294,28356,39275,49236,22935,47209,8424,37388,45066,7715,10685,10385,13988,5077
48110,13176,28769,35921,39877,22367,37724,40545,1158,10960,25588,46802,12015,40146,22308,42768,48946,22504,41198,18880,21841,16757
9224,42699,10702,27105,33100,12036,45447,28058,10172,38288,39491,40063,5251,11512,32655
48628,47766,21137,23362,22935,40377,40571,17949,33787,14084,14650
24852,15592,27966,27845,34969,9444,21137,26369,39877,40427,651,11005,19678,34939
40183,22935,47309,12459,30233
11512,49191,33401,7088,1408,43504,21903
47766,48205,12324,31883,27313,17545,3919,34494,47209,24838,42495,19003,39448,42450,47626,35221,46341,47792,17581,18573,12381
3765,44910,18599,12341,4605,29487,20023,39190,46516,5450,46979,49683,12719,16797,3382,34648,19678,37733,5100,12276,34401,3055,24390,39619
27521,24184,47626,46667,17794,15649,34358,44359,3442,21616,48444,34126,15290,10644,5479
24852,11068,4421,1199,21137,21162,46346
44632,11520,7358,40706,42701,24024,6970,25623,6873,39040,5593
1463,24062,23165,11520,31350,781,16185,44632,2086,13176,14129,8277,28986
49235,30492,12193,42972
26298,5918,30233,18502,11628,21376,2966,45013
432,9755,1700,215,21903,44580,11408,41273,6399,39978
24339,29345,44971,47766,10957,10151
20842,39475,1158,4600,27845,35951,42828,11889,21137,39619,29592,13176,22825,1215,31343
4131,47766,23102,15290,44142,33973,9623,29553,43768,40332,11614,34024,43115
8174,27966,19057
19660,14947,14885,28155,6815
39581,20682,25146,16797,43693,36200,5586
38374,22677,20240,27966,26032
37710,38928,41400,42500
41242,8986,47626,8174,48058,27316,23909,38453,24082,37646,40612
46047,41541,22141,13457,790,46802,21616
5479,16797,47766,37646,48679,44008,5818,4428,33043,25890,24964,9405,15649,38273,45007,25087
42450,45066,39527,21267,5479,17652,23375,37158,47325,40251
9020,47209,20114,26209,21903,28204,47766,46990,38028
29307,15937,24838,36854
36835,10173,24852,46906,5077,41787,19322,36315,10017,32864
24518,20842,28420,44815,42803,21137,30290,33768,9741,43961,3599,45066,5479,40345,13113,29941,44560,16797,44142,1364,24852,4945,43352,47766
35762,33957,34217,3318,4866,31048,43363,19151,32998
28634,3782,8227,24852,12149,29526,48779,40815,40310,44449,11983,13230,37213
24852,37646,28204,28199,41271,36869,8174
41840,39529
24852,27690,47766,45066,21903,28769,35503,16797,39408,48679,7175,33845
24852,42719,12440,34429,49683,40706,31964,25659,47630,43789,2180,47280,5240
19115,26209,28985,35689,5449,18224,39558,45007,37646,21077,5086,16609,4605,18542,13176
25230,28601,44359
2120,7883,31717,33065,23504,32939,49381,927,14063,15949
47766,24852,4736,48205,38236,39301
46217,16696
39408,45123,6532,25623,30489,39619,13176,22035,29447,30169,11538,6348,31717,26209,5212,44910,34969,47626,43789,5450,5479,16797,36550
23341,35752,31541,5025,24184,42625,33199,34433,12011,14464
4945,27845,29244
8277,19006,28745,11520,37317
34755,8138,14218,49215,5785,24852,49683,5077,48493,13231,22935,39275,41329,4656
25718,13176,5479,21137,22035,17948,29077,35951,23835,2228,14100,5612,24489,40001
48559,6287,781,4605,13176,19816,20632,44632,21137,30233,24385,20869,27104,46979,12576,26384,38033
42633,6046,24852,30169,19938,13828,8424,23541,39275,6166
18583,14947,13176,18352,41319,20842,42110,2979,28790,24631
14366,8424,10017,43961,2450,21376
36691,24852,7224,40939,8670,29540,38400,35473,10734,49683,429,31706,9076,32122,33368,34466,5248,16215
21616,24852,46305,13866,47357,29615,39275,20021,14280,24097,43352,8245,32851,46743,16797,45200
22935,21137,19057,23879,47029,16715,1530,34423,38473,39425,26209
43209,17122,33452,23540,19389,24852,29553,12218,38739,27360,10737,16020,34067,40490,15359,38433,5744,39561,21410,32327,7364,14028,5077,20378
18926,25197,17600,47766,34069,16797,6187,19057,26790,33787,13923,24382,45066,21137
37067,4920,22035,47626,22935,12732,87,10132,19057,40706,21903,27521,16396,24964,39113,26209,8174,27548,8021,42002,8424,39475,15630,41375,48795,19678,49383
24852,25931,5479,23025,22969,24954,35287,12343,9018,47209,4920,46676,17429,26209,33055,27156,39696
40939,196,46149,10441,46521
1463,12099,35688,42110,42701,13176,19057,5959,10467,33636,32029,4367,39619,45084,29662
5161,43352,42500,43154,21288,12916,196
42305,22767,6846,6998,3176,9901,16669,33548
47209,25466
47977,41414,43209,34927,27323,49610,37553,24168,15010,17008,2180,16714,45541,47365,46175
16920,40310,35072,38072,47058,47141,36307,23909,6046,45149,16185,1367
39558,43712,24964,47626,28373,42735,47209,5769,34126,2447,23165,26209,27086,5450,21137,27966
19508
38067,39275
37917,13944
30489,39180,39558,16083,2480,31371,22260,6104
21137,32211,41057,19057
8571,8048,21137,34466,43352,47576
39180,8138,30720,21405,21903,12614,35951,24810,15872,47766,21938,512,39877,36865,1879
46676,27845,17461,22035
13176,23543,21137,33135,36528,47209,14462
21903,4724,196
49191,49683,38988,13535,8518,33527,5373,33575,20114,16185,33000
12817,42001,20785,1689,1514,27344,38266,40992,34969,34358,714,33290,49648
34126,24852,21903,21616,4799,48679,47626,44359,16797,24964,44201,4605,6873,17794,8193,45,43758,8277,36389,8424,26604,5212,46979,10644
24838,14947,12023,13958,37496,39275,15399,21070,11520,5450
47766,21288,29487,39275,27966,36148,42701
6347,16570,19503,3819,21616,27509,47766
19611,2239,21053,16696,1688,33984,20166,19660,42606,14131,33647,41273,11714
32478,38768,19691,15541
47766,44570,47626,39275,26209,11614,20919,16797,5077,28278
432,9477,31663,9070,41890,21125,31343,17835,34688,39877,46802,42265,35182,13176,39190,20876,28576
23288,18534,13237,20902,15820,15925,254,14424,1875
38694,44632,48423,24838,24852,1710,47766
43352,21137,7914
44331,8072,24117,27730,6265,31808,28987,16254,5385,24852,27966,35518,36227,10957,16818,44167,26604,5640,26348,42203,23917,27344,49496
27790,33768,4920
43721,10473
24703,5818,20969,16816,22123,38293
8048,38444,21903,2120,19691,13176,31679,12341
19660,45066,21903,2078,44229,5451
18523,11494,39928,5025,30391,8021,38601,36735
37646,5077,22935,43122,19820,26369,47766,9666,21903,63,329,45965,18594,13176,47734,27104
29077,5322,43154,9339,38777,47766,31886,34448
23347,1154,25023
40078,37766,44632,37825,24129,14947,20345,10644
49235,196
21137,47766,4605,37766,34134,24852,22825,15563,49235
26505,24852
12397,39475,33787,18523,14437,26666,13627,46676,30169,24954,4957
24852,21709,35221,17484,49139,6106,11827,33056,33129,937,28977,48808,17341,32338,3990,17979,35458
49683,31296,8424,26604,3293,24604,23734,24852,4210,35123,48527
5372,45251,6336,18879,27243
33443,27966,40001,13176,5479,43122,47492,39303,47310,45504,36865,7948,39877,7413,14678,148,10603,5161,4302,7371,40516,10749,31371,43789,15613,35628,7969
13176
22476,4605,11281,47941,33651,46979,48440,5248,6592
27104,13852,6948,49075,890,1862,44359,42768,8670,15226,43076
4945,27845,47734,7014,22935,31066
10831,8859,42504,25824,12392,6489,26431,6336,36923,43692,12276,33162,210,5729
16083,21903,19348,14917,35163,42002,47626
4210,47329,5653,31533
38227,24852,32403,19604,16797,46032,26587,28993,48527,44566,43209,48762,46168,13462,47379,26343
24852,23909,37687,33401,21137
2361,6020,22713,12456,17281,21403
35470
12341,5985,7862,32478,32689,35561,8048,27323,13535,30827,890,6087
43768,26317,28862,39877,21560,7781,20995,18465,4138,26790,31148,47209,30391,44948,35530,10369,31343,5646,24952,13740
196,10441
22255,48726,38849,19348,40604,27705
39275,21137,13176,33754,33787,4957,27086,27966,2067,39322
5161
17758,31215,13083,18880,8615,20114,34358,10059,3464,36522,8277,32030,48747
32864,1190,43867,42941,13870,13672,16398,5785,10752,36550,42992
10,27464
29013,30391,8174,13176,29307,47209,21295,31611,18770,43122,42972,8381,11123,14891,35547,39475,19990,26751,11598
10957,35984,37849,19586,49496,2979,28993,9216,16185
22677,8297,31887,27845
25146,16965,5785,21890,44843,45061,5385,19057
44091,39581,28204,5450,21137,33819,28582,8022,15412,4889,40063,12144,24850,33508,44728
27086,27966,16083,6046,19048,8056,10761,38531,39097,48679,16797,47209,2732,34069,42508,45007,41950,21461,21417,36869,18811,44201,37646,35561,47788,37766,21709,42356,42244,23029,33081,5134,19904,10101
24852,36764,12099,32864,35914,47209
18296,22920,24135,19488,14252,23088,39321,10840,20413,11076,45687,13540,11081,37096,2151,28582,21573,18168,16797,5047,9075,23360,3968
24852,13166,37646,7521,14678,40706,27966,27086,6348,16797,35140,30561,44471,42828,38250,5959,13225,16973,13431,25146,30391,162,39216,21847,20995,18286,49131,20600,38622,32360
10246,2154,13083,26369,11520,30391,9534
13176,44142,21903,29487,15727,33731,38031
45596,2636,17744,19151,27145
4210,37119,436,40310,47042,13535,28934
4942,32303,4889,29487,43183,16920,38185,18379,46844,21019,34619,12986,24852,16797,26096
12341,17207,46149,41787,43154,14715,39408,42455
27845,44275,38039,29672,2450,41950,17461,32285,3682,4920,9934,28123,33741,28985
1069,21288,16615,3765,714,26165,20955,432,25227,3334,14705,10388
13176,3847,45066,10673,42536,8555,1194,12980,17008,33521
27104,9955,34126
17462,8021,45763,12614,21137,32578,8467,33642,49439,11888,38557,34320,37766,17704,10749
18007,32650
45149,47766,24852,27363,11152,5025,34358,10492,47962
39877,21903,27737,34217,46969,17316,21174,432,30391,26800,8277,34126
23737,5612,22935,41787,43713,34126,8424,273,21195
8048,43352,16797,17862
47962,9496
39635,6047,40621,1110
16965,37053,2361,48523,30825,49683,9387,21227
8048,8571,21292,12341,1689,9434
48559,28715,3957,35503,11576,4656,27663,43713
40146,39475,2694,30994,32981,38689,17949
37524,17550,17605
16797,12899,40864,38714,49683,43352,38747,13649,8898,47626,15290,25581,32605,19019,34969,42360,9294,42356,13481,3599,29926,31564,4920
40688,4724,38768,32689
21137,32553,24024,9934,42356,1199,24799,26706,5358,43772,25837,48857,27845,5550,28465,12962,24214,25093,34243
16797,42806,3318,28427,32104,43295,49247,2099,13899
44632,20119,22935,31717
29223,43352,39275,30827,30633,39954,651
24852,1695,13603,38734,20842,45346,40088,20935,27086,47042,26604,17766,41370,7076,13646
27845,24852,14267,8087,45957,37766,42265,44310,45066,41665,5652,28934,30967,42701
9337
196,8617
26405,21195
6799,31231,36107,28157,39057,8174,39719,13245,39037,21709,20738,8590,46059,6612,26038
28373,45603,21903,18465,38383,46720,45066,10753,4675,19048,34126,13212,46359
4086,28842,42585,27841,12218,33452,26209,45149,49683,12604,24269,5818,24303,24852
13176,30169,35951,17795,28985,30489,24184,16759
13914,40907,30704,40386,7930,2238,6074
2380,19429,20013,16696
15221,4605,38400,24852,15483,19953,40376,3990,15235,38448,38892,43115
28985,40852,24964,5959,8518,8859,7503,32981,33731,45604,47626,39619,26209,26165,24631
16797,47766,5025,29487,8889,22312,42625,15777,20736,32428,37131,20674,21137,22767,26369
13176,14783,30778,32271,34112,44300,12218
28985,39877,47766,13176,24838,40203
40376,43719,49496,6139,20772,34163,28412,6552
30353,16589,47626,33731,7503,17224,2966,30135,25295,35108,5240,24964,13780,21019,46906,5076
8859,25783,4731,28827,35617,11540,12068,32497,47438
10753,17783
33198,2825,25931,39877,20061,49075,29722,11303,35363
13176,21137,21938,45007,11068,10749,33120,41787,14992,8193,40229,29898,49683,46906,42518,47626,26369,36389,36735,21626
1875,24259,45645,34160
47144,13176,2966
28593,48034,35503,13249
48364,34358,10749,14050
24852,5947,25146,33439,20738,21386,49328,35365,30696,9486,31618,48871
41007,47209,30391,5646,27966,32537,41065,8518,33000,42579,26604,45007,49235,21670,47546,24195,25947,12395,9339,17948
3957,48737,23765,48287,6104,1301,24058,27521,17560,18234,21506
42244,486,32177,5371,9043
27646,47823,41757,38515,46979,37951,11005,26317,3464,44359,28842,47601,35510
27845
40287,2962,13225,26352,15482,39032,38831,32047,36772,28199,22952,42832,25783,13806,39561
20842,48745,1234,31611,39928,39984,42736,16083
25952,45588,13255,45061,1117,571,25146,21955
48316,29628,44590,29714,46041,31871,19546,22767,4011,12481,24024,6448,7751,28647,34321,2180,3616,37040,43459,47626,7472,28911,33996,41912,26456,21160,45125,7825,1391,20378,47145
36550,11069,45007,9000,22828,35815,2397,22935,28309,10826,40545,41540,4461,27012
28373,28204
34126,29487,4562,47766,26209,21616,21903,20114
20378,44632,6177,48790,33065
40706,30391,38689,365,45066,32734,24561,20738,41844,21938,31040,44359,34126,41220,21405,34530,13166,17794
26209,41131,28913,47626,28836,35948,30036,25146,18339,36552,7898,45190,29503,21338,38444,43631
24852,4920,10814,37524,13431,9133,46979,26384,39275,27548,42342,2361,10497,36070
44632,29285,38456,10915,30391,9681,13176,44479,3020,17581,25300,27521,34134,329,8230,12340,26168,9092
33636,49131,33129,9076,20842,17704,30727,24852,27093,9762,25824
33198,35989,17304,45104
27845,34209,11068,13517,42445,5450
24852,44359,22935,41220,33957,17794,36685,28204,3717,21137,8277,21938,18465,29926,11452,42450
19171,32771,6585,20832,19615,22472
11182,27246,27730,18170,40332,44042,18534,21795
42016,48559,13176,21543,13198,21903,3583,13231,14575,8193,12980
43693,16419,20711,26831,2966,18418,27138,16948,34014,30973,22978,47058
27086,20114,21938,36180,47235,9261,20919,27629,44359,28204
2063,9426,5818,31717,17898,21616,38689
40348,32915,28221,29095,5471,5566,40308,47824,5077,46941,23734,24382,37766,8536,37569,24871,43262
6852,15386,19003,33198,47626,121,33401,7963,23763,15290
15153,3873,13060,22066,44142,16750,24649,23493,35702,30702,42372
24852,22882,36551,18019,45064,49520,44156,28842,33791,6007,17341
9584,41395,3800,33245,12962,15334,581
41385,31578,37963,15947,15424,46465,4210
39581,24701,40255,364,44604
21560
38383,8174,37276,4920,17723
43643,13176,42578,5479,35503
42697,49520,4472,47141,23592,36326,4605
6195,20119,31960,21050,12916,12606,33589,36545,38726
13176,20899,21910,39475,30391,21137,36076,28226,5876,44560,22474,33731,31730,5194,5450,26282,21526,17948,3599,15902,11090,40723,13650,24489,35503
10831,13176,24010,44359,43122,13629,35535,36397,21903,47766,35183,40604,23339,5212
42941,18201,19348,3618,32478,13641,32857,16997,26589,33957
27985
30776,6598,39928,24952,40078,32864,8277,8518,25779,39238,45711
35767,39180,651,18288,40706,13380,35078,5994,30450,33527,44257,27304
12456,32843,11865,36178,25242,39108,8021,12820,21162,21660,5699,22935,20303,33198,42110
36878,37067,8174,47766
31506,13176,46313,35147,5240,18465,47209,8230,5456,9366,13083,9339,22935,29329,20192,49683,40706
22963,13176,9839,28476,46969,27845,27122,34197,8174,45007,18362,17706,19057,6430,42944,8490,6933,12456,17871,28985,20608,22035,30391,44359,19678,22935,26131,43504
11492,45066,47993,5128,9534
32478,130,40199,4913,9076,32971,28211
21903,9551,22938,13380,46831,23904,8590,26384,33521,40376,44632,5818,6881,8400,11777,49191,7286,6789,7361,32775,49113,21756,5101,40268,14168
26670,25146,29487,36550,47877,31036,30850,7644,38739,44548,33909,45700,44570,16797,24852,37646
27325,14005,37710,588,7571,48746,8322,34027,19638,27565,43483,24677
41290,16696,18987,49139,1460,19068,27288,17093
7963,18288,23909,49235,19613,18072,34335,16185,23898,24830,6104,18095,42828,29487,12320,34824,28601,32537,35921,32224,24852,28849,8239,42536
47209,18027,43295,11598,44632
21903,38277,311,5115,27695,3896,28985,21137,24852,42701,12500,4957
2974,17600
17706,44075,13176,43504,43961,11941,27966,33909,19057,14335,36956,10132,16234,43192,27104,5077,46654
21162,41658,2314,42342,30776,33731,36127,31869,9808,12196,40852,24841,24799,25087,47119,21955,35221,21137,10132,5077,20899,49325
43409,23955,47577
21616,42342,41858,11710,26790,15592,21019,33214,44142,14992,28849,28132,5785,3376,40233,45007,48775,13147,28543,21137
10602,30827,6184,33000
12919,36316,38228,44987,49235,47144
20995,32478,38768,20940,43136
24852,40571,4942,27086,41950,8518,45246,38273,27881,30391,4957,17988,8021,40604,10132,45123,28476,6187,24177,17487
21903,37687,1360,34466,432,49683,46979,39190,45066,28842,2295,26128,10644,44661,1140,14218
26604,49520,16797,47977,4957,8380,42356,43693,29615,43352,18175,46822,38953,26318,18926
24852,16185,22115,5353,14715,37646,47209,9515,33731,19057
5848,12976,28199,33331,45321,6631
7815,38267,18432,20919,32455,24852,22780,45747,16154,10193,4577,33357,27360,48527,46107,18281,1782
38028,8590,432,29487
28204,27307,24838,4781,3098,33089,42324,22935,39275
25017,14715,39275,31912,30486,46804
25527,35989,32981,21137,5449,12572,13555,27845
7916,28156,22888,5077,39180,14553
27845,4472,36717,30639,16185,37966
5876,37511,37067,13176,24964,31506,22935
39581,5818,17093,24184,5025,8424,25706,15290,9387,13909,19068
24852,47611,3126,36994
1038,10245,26165
47630,10305,24852,23322,41192,7371,43352,28985,39928,21137,10246,47766,31915,5322,30391,6297,29370,6187,3274,26553,16325,46979,47626
1940,5883
5646,48825,3111,38557,47223,37687,5618
23288,18292
45279,5782,11461,7156,5636,27156,47792,18439,45581,23085,43687,13176,347,21553,31717,8274,5535,34075
2855,27156,20448
44371
49026,25718,17429,9550
34050,48524,37247,5069,14563,24674,35430,47366,24852,4447,8479,17931
8022,38944,46654,27464,27845,31683
34817,47144,4210
33791,264,33548,46817
35383,4210,14467,33055,5450,10912,37067,34974
35956,196,30744,38054,23909,38371,37509,35618,48299,1200,32465,47037
24852,35221,30489,47630,8277,5450,46676,43122,39408
2113,25670
33452,45149,34050,16564,31726,34024,45924
4952,22832,10339,49519,33754,40469,9065
14947,39097,41618,24852,45007,38383,8277,43772,34358,21903,27966,6489
28465,18606,24799,16773,13263,18444,45123,20119,47144,12381,29370,34217,41387,3988,26620,12324
35958,12935,19678,44359,11497,25006
47626,1511,21137,7781,37718,20082,13198,18288,26604,42828,17630,5212
31720,24838,17487,14233,6377,13176
24852,39877,47766,35824,9020,5479,49683,15872,25513,3583,20842,14240
12481,40285,47141,26351,2973,12115
42265,33754,18523,45066,28985
13176,41787,8912,14874,46906,3020
22035,18370
36316,47977,13866,25544,10690,29503
13966
13176,47209,33055,37646,11712,3550,5876,28928,27156,21137,39040,25230,27845,49175,22395,45646,48665
31469,46584,28378,4605,47766,45368,34134,14211,14579,43875,45066,41220,24852
41319,24302,41999,4799,6459,19895,21518,16830,10132
17395,39928,28985,32429,21616
21543,21137,8174,19348,36717,28593,24838,43929,22825,27156,21910,31555,28745,25126,9477,21294,9598,34069,7175,20384,44008,17794,22739,35163,890
22475,48004,14159,39877,39825,1463,11152
2022,10145,44683,26604,49544,27196,46844,43631,21137,32428,23020,33665,25146
35085,5876,30233,22849,42606,23579
18883,21616,40712
13225,19691,21137,10132,35921
49191,34257,16797,46979,21903,7018,40396,29987,40516,7709,47209,6341,46676,39190
24852,4595,44799,40925,25146,5450,37215,41131,34263,29487,23322,4605,21936,26250,40310,41406,14875,20502,24759
27521,8518,24964,28842,47209,26209,46667,11941,39984,41220,28985,3970,27156,5876,2780,44910
23928,30669,17098,26172,2235,1905,26231,42702,46677,30191,5098
27966,5564,22825,27104,37067,16759,30450,11182,13712,47209,3952,23630,5077,41149
11520,36929,12341,19816,3952,45123,20583,23054,18105,18963,20169,31577,26369,43086,6343,9364,11941,18696,2450,38557,9339,44056
18151,37067,38383,9537,26209,32177,17316,5025,45763,45066,12002,20709,47626,22244,4562,651,29439,30839,5913,21077,43633
5550,23341,4210,5077,43352,48226,6631,27966,39993
38222
31040,29265,47893,15613,48835,35547,41950,5612
19019,10017,42585,1999,8424,13877,21903,31042,28985,47912,47209,29594,44422,40706,10603,26369
30440,35951,24852,37042,37646,4605,12916,5020,47626
25832,21616,47059,34262,21543,21137,2982,20995,1819,11481,30450,8518
4462,9531,21137,24024,13176,18926,13351,26090,42265,25588,18465,24221,17652,10132,8174,41757,35166,47209,26856
24276,21709,4421,24852,6638
48733,42282,42803,35269
47144,47626,29487,11520,24852,27316,28373,30391,41588,48679,17794,45066,16521
19887,13176,33106,40422
21137,39275,27966,13113,3957,39877,3952,18362,41220,27104,31015,13176,38383
28008,40571,48857,22124,1364,18926,33788,42633,44051,6799
6184,41787,14161
14947,6046,15290,49520,24852,4605,45064,4957,45,5498,48871
41273,25824,33000,43086,12456,44683,39877,16823,3957,16525,39812,10749,45063,27999,18465,13838,41149
16553,5421,28498,9840,9755,46838,21281,32641,40897,26916
20114,4605,17025,8193,11925,28601,42105,581,2295,9366,14917,24964
39059,16349,30305,32624,44987,3765,47626,29487,49683,4565,32519,14197,27415
5479,45311,9210,34137,4605,4799,47626,13176,18542,34358,35633,17794,30482,15937,13447,24964
44632,14947,20119,22556,35221,26620,21709,24852
20114,13176,15462,48679,12341,27247,25832,43889,1757,4562,35942
3044,3676,42535,1605,17110
43772,44142,25464,49683,29487,24184,18362,32837
5479,37718,47766,8193,38544,17630,49583,27845,47626,16560,40878,4962,43352
43154,1447,28851,49328,5535,2806,46785,42445,6758,29195,79
44632,33198,45603,11707,18564,26282
45603,46045,2086,25931,43122,35628,19706,49191,5922,37204,691,5876,15902,44371,5545,8021
24852,4210,19677,25153
8518,44339,28842,45190,47626,4317,26620,35830,21709,45066,39945,17858,34234
47877,27179,24735,39097,49191,23909,21709,20824
19348,5025,21573,4306,36664,27966,31406,23378,19461,39922,26209,20561
43889,19348,41362,47516,12562
16185,4920,24852,14579,33316,34262,3055,28928,44570,27845,9484,37646,32303
38689,24852,9839,43713,42450,4428,27344,7781,15902,17948,35221,21137,45221,10749,42265
23288
3951,21137,20899,43643,21903,1940,27966,47766,40706,18894,39275,47907,22634,28421,18531,38293,31433
25598,25659,4462,5876,8339,5989,39275,44126,44389,26604,29226,19678
38928,15541,32403,42265,11759
43768,8442,9415,46676,49448,15290,49683,1359,9550,20372
24852,15902,46676,39877,20114,31683,31997,31717
35470,196,14414
29487,30305,26209,21616,16797,44910,4605
47626,47766,432,30489,47792,19508,28553,26218,18594
43394,5212,23532,29691,13176,26604,21903,44786,2295
47990,8859,42719,37982,35752,28204,11777,1940,33754,19156,6182,24954,2663,8512,45840,24852,33548,8366,41844,43961,47788,36186,5586,40411,18201,48812,32679,36689,45005,15153,16254,26459
5258,30827,43352,9076
24184,47766,11689,41544,44167,15664,24852,43205,47626,37107,38028,39982
6348,31724,4455,38490,47209,2450,13176
43248,1689,47504
21100,13899,14165,49235,9951,5640,26826,27770,33493
34389,35383,12914,24852,35762,44799,11874,34986,5181,40598,8668,17350,37886
13629,47766,13176,18027,21616,5115,49478,27845,4421,33000,4605
14870,13176,13263,24852,25718
32156,30696,38218,7999,24235,8153,33548,33791
23148,6300,25965,11865,24852,28204
29921,29471,432,14032
2707,3675,5419,25187,541
42887
13351,22124,46676,24852,21137,35321
29487,29118,29307,47209,10749,48620,10246,9436
5479,30949,2781,3765,7175,13176,1158,28761,30668
44292,33198,11452,40825,14999,15369,46041,7980,38491
40199,47209,36011,27845,24830
6729,13575,6184,13176,26348
10036,32989,12020,2923,25371,30233,311,33120,27690,38141,1215,39947,22035,24852
1875,31764,41360,9532,10957
24852,42562,30307,9387,10333,16797,47977,11679,36780,26348,21903,15780,432,41777,10690,27313,36917,49168,46063,47144
19660,35951,20693,23288,5322,1463,48628,30489,13176,116,39558,5876,31130,8021,890,43154,6069,39303
4149,907,5068,7948
36011,19706,21903,43122,22298,22935,24852,28156,39877,45007,24221,27044,30391,9387,22556,5373,3634,21137,18581
14979,4149,7987
28465,16083,39990,40593,44596,45819,45066,11777,8555
17859,44799,432,34449,28766,6137,41131,26111
27325,5764,27845,43545,40706
329,13176,6740,48745,10621,12341,49683,26369,6104,4605,23165,41950
47626,21137,44570,5212,20588,22825
1897,17169,25093,38888,10193,13780
6396,31766,2164,44473,42562,44205,46041,13255,12743,12481,35665,32227,35914,9018,6046,27024,37203
13176,27966,5646,39275,5876,16759,7781,47766
27966,20380,47209,24964,44787,21903,29898,21847,4855,44632,22935,8912,34126,33043,39468
24852,14146,39921,18218,43772,10527,16920,40332,9076,12140,21333
32915,24852,39993,44142,41259,28842,14154,20682,28515,26861,45961,6091,32303,26709,35042
32958,4210,18061,23450,11154,12702,3044,25570,649,22989,12916
4605,40593,5025,29487
8021,27845,28934,8670,12797,45535,24852,45763,3376,30480,16489,12813,24759,23236
21386,21137,13176,27966,37646,8174
34012,22947,7963,46226,43340,27522,41618,10862,19193,17201,34262,47672,17668,47333,33257
26369,47766,5618,26209,23165,11520,13219,890
1463,41195,46654,31869
27966,14491,32647,39477,14678,25949,29544,21137,38274,27845,8021,17579,22035,32831,22210,5456
8637,21849,717
13249,47766,28985,8138,27104,28204,21903,21543,27086,34050,32163
24489,13176,31425,30442,45570,35561,2086,27344,48220,7993,4288,12341,21903,7026,9621,7403
36481,39877,13176,18542,36792,5876,30489,21903,21137,30635,39886,7286
24852,20114,28842,34358,2091,42244,15028,8424,27845,10603,20520
45478,48746,28848,24458,39432,18906
24852,11777,5450,6104,32052,3376,8320,9076,10246,27521,27966,43961,10112,18234,18288,37233,13541,34969,45580
13176,196,13575,47348,9007,6901
40706,3957,30391,13431,24852
47944,9076,38456,5077,3868,10147
37919,43352,25017,30827,17122,21292,38768,12341,13176
4138,19842,27323,23064,46842,32645,6201,47479,4210,49668,47337,13926,35978,14165,30882,47476,19643,47365,15057,23979
33749,48776,18394,27275,3387,33625,14111,16797
11266,500
32079,32403,6729,35269,3798
22935,22008,44632,21616,35951
41519,36086,23048,4329
49567,24852,24184,24964,33465,43295,11520
5612,26346,47766
22888,43221,2651,25093,41658,40174,44008,21137,45633,47792,29650,37464,2913,15741,19125,2014,26848,44310,38689,46979,49520,31343,31612,35594,42828,17652,36036,28698
3499,33198,5708,15424,26348,33894,12068,34487,16467,714,21122,29198,49198,14104
21616,36256,13147,30489,49683,40706,44787,34969,22825
5450,21903,40706,3952,18362,49,28849,2024,18727,26384,20114
21417,23296,46817,2745,19171,35336,6366,18439,20291,32644,33357,2512
33852,9458,43205,3243,40553,8908,3207,11065,11983,24852,8670,26861,36707,15664,18387,27360,27676,35551,33117,6890
29987,21903
12078,20940,21573
28413,35561,10473,16974,10371
276,46593,27780
4957,47626,34358,44570,24852,17794,46979,46720,15937,43789,38997,43693,42625,14992,9387,44359,22935,39678,41757,13838
27388,2745,26250,17600,23363,37040
38689,37067,47439,16759,39972,12456,30391,39619,6655,38456,37029,45497,35921,48628,24830,38730,8424,10749
11526,30406,34234
43739,8571,33147,21769,38768,12078
40939,21591,42423,4595,19283,24629,5098,19910
43394,43295,13176,16040,36994,27156,31433,40448,16145,19057
45163,49247,32163,42411
43509,2717,19348,44843,1200,24852,26620,44632,26587,6383,48206,3161,31423,49630,37940,46023,20352,33819,471
13176,47209,27992,28566,36180,26940
14446,5015,9969,22963,24852,12124,39561
32689,23362,19449,28465,45007,21009,9507,28289,21417,18531
14726,13166,21137,14878,46572,47710,4595,23848,24179,43867,6177
42240,41591,33452,29931
47209,32655,43394,44439,19677,49638,8251,5918,22164,22395
10521,40144,24012,45529,48205,47197,23541,13679,37956,24660,23929,12879,11679,38739,11123,27958,25266,39891,8460,48682,23351,27344,33819
24852,33787,14917,29987,48299,7649,41844,28698
196,31651,13176,2433,5161,17243,24135,45004,11759
16797,27695,24852,4920,27845,49284,15536,27344,35535,16525,21137,5077
6631,15902,27966,39877,5785,21137,27104,26324,16291,36865,39247,13176,5450,46886,17758,28465,9390,29993,46906,48395,26209,45584,2228,11182
34915,48372,40174,4920,27246
32573,30233,47209,10673,43122,27429,21616,11941,31717,21196,20332,4066,9510,30391,21903,33198,10070
4210,32689,35417,31343,28849,5240,6948,7461
13249,49279,14576,3358,24273,20919,12104,20479,39680,40310,12909,36227,3873,12015,32085,17264,20086
24852,9387,14502,6340,37940,12206,5077,25804,34027,25613,17795,40261
4605,46667,24852,24184,32177,2154,43961,49383,2314,16823,24964,34270,44014,4799,18880
33736,25811,36639,42265,9264,17429,45681,13885,14335,39348,2353,40203
24852,30233,25199,23102,3585,26047,41519,18382,13702,37011,27811,11140
47977,27398,20831,4920,27179,8843,16965,5450,22767,39844
13176,3957,11688,23579,42768,24489,17948,27531,15566,5134,17795,12033,47766,30391
24852,16797,46969,47766,49683,35221,39527,26209,43889,24631,14633
31981,33658,7644,18414,5985,10823,35593,19003,1,16696,397,30500,42215
42460,33065,39758,4562,16797,29095,37923
46979,9020,45535,41787
30696,21789,48762,37011,12797,3919,19505,31564,44325,46041
26800,6774,49683,8277,47626,6104,13646,27344,42265,44142
32799,29848,34766,31471,4580,12381,27246,15650
39877,24852,14833,3090,27966,30233,43961,31277
16797,31717,5550,36481,28535,29387,47766
8953
37022,33198,13176,5479,39332,46969,38739,26298,16759,21405,38281,20842,24236,32224,6013,1336,46667,35535,44517,32177,34429,6740,43789
43817,23341,5124,14028,33356,33204,28529,928,13396,24852,47766
43789,46720,20114,28842
34262,93,12023,21137,45066,5876,43143,27344,3376,8518,22888,25890
3843,13176,21903,34993,40198,8197,48679,19006,5161,22031,25506
24852,38689,29387,27344,28733,47766,11777,6541,22969,16185,37158,46584,2086,21137,5194,8424
13176,6758,15541,12341,16974,8571,20995,33768,16797,42504,37687
24852,47766,19660,4920,5120,15902,27845,45066,14218,41787,2770,14867,21955,27690,10305
5564,24838,11182,16349,27521,22935,41220,45200,40377,15085,49609,9092
32566,49235,24852,45279,37646
24852,44632,27845,8518,42265,47209,9390,45066,26128,33575
19348,46584,2014,13560,39160,26790,3599,24852,45066
42579,19057,13176,32655,35670
45687,29509,32727,27662
25570,47792,31343,42300,47977,5077,18659,49520,22218,22559,36189,45810,37576,3990,34305,1875,41844,15263,34456
4169,49381,15664,18849,45064,2646,14197
13176,8571,43352,15790,3798,17902,12341,8048,39275
11520,4605,7952,13802,49235
47209,49235,7598,42347,39877,41694,16617
43295,47209,18352,25020,44661,48034,20406,273,44765
39877,47630,21903,21616,28985,5646,43647,21938
16797,10385,40174,39408,11777,20148,47042,21903
17172,28582,38374,26165,36107,42746,33222
47209,1214
42719,9124,26384,28752,32611,25194,31215,40763,44632,19240,45582,5240,13694,33731,42450,34993,40198,42183,47766,11512,24838,47792
44142,24852,20114,47626,21011,21344
35946,38159,6104,19057,47209,8592,19048,38656,47792
5025,26030
9020,46979,31801,34949,9741,16759,24561,6141
10768,18827,13176,24622,32478
21903,12341,10173,8057,13042,5985
47766,4796,38693,32777,42768,21903,26668,42585,8277,7673,39024,13176,45007,18829,13733
36316,43154,47977,11492,31102,34660,15902,14104,8109,10690,36259,10255
24852,47388,21137,46969,14874,22867,36953,5876,7676,45007,117,35619,9076,13780
42265,47209,17429,26165,4429,5250,4562,36076,21616,33716,22227
13176,8571,10473,16797,35336,40688,13575,4920,35951,13914,8843,44172
13176,29553,38608,9932,2519,47216,23909,18523
46820,45578,8277,29189,43889,24184,38944,24062,41177,2086,25340,34,28358,10305,2295,21137,24852,1360,21614,20316,32030
16965,21463,2596,45007,19446,26764,15700,40002
39332,4724,6871,29223,31805,9387
45066,5077,7781,24852,37284,42900,21376,28242,33043,38374,21278,22935,13870,11123,13646,24964,6799,31231,40078,44632,29103,42356,19068,17794
24852,15976,4894,25813,7468,40709,36025,23236
16797,31893,43352,5451,20842
11665,47766,27966,45066,12456,9154,21376,26209,12614,24838,13819,47626,10106,29987,14947,39275,2295
6184
14924,14947,5212,23579,13176,27966,4793,3599,21137,32864,45013,28745,49416,39561,5077,32177,40063
13176,35347,21525,280
24852,26209,34050,44142,15143,2596,3092,40878,1787,6111
13176,18814,9299,35921,26914
42719,20017,32369,46802,5876
32689,23915,9387,31805,8571,33783,27156,35561,16281,21288,16797
40723,39877,24830,21463,16797,5479
37033,31500,34368
11798,15134,18394,79
33467,20142,13176,39427,47626,49520,33636,27966,21137,8833,18370,26604,9497,43961
45458,23204,24852,37565,21288,16696,45954,7955,16338,4778,33452,42460,15087,33090,17631,14346,26593,16323,28174,34931
21386,6184,890
130,21137,13176
2716,27086,45210,42710,7139,13176,5785,44632,48726,14127,37646,22990,35893
46979,8021,17795,5539,31553,28432
49683,24852,2635,20114,26209,11512,28842,28985,41259,40738,38164,41290,46820,42719,40396,25146,5876,27817,44142
28038,31471,21903,24852,2664,45007,23986,3874,47626
26209,10673
20995,37646,8518,35951,16083,47626,33787,30450,21903,17878,21137,35547,16759,14129,16650,15261,38293
9405,46979,21903,28199,34993,2966,17758,29487,24852
39276,4210,27086,39475,38972,2120,21681,1369,31122
34126,47626,3957,27521,20632,31869,16757,28836,26242,33294,32689,45007
48205,34243,34530,4579,24852,26384,1158,45066,41220,5876,39812,17577,6046,5621
24852,37646,39475,35921,27845,42265,25340,48823,21903,4920,37825,21137,47766,37288
35499,21338
1940,5818,25885,4889,27020,39275,8174,19538,37687,4907,25825
1719,20114,48205,40604,44142,49131,34126,39812,48666
19338,43875,31469,22122,13603,45007,47888,27966,33503,34134,7781,44765
20842,42443,24852,30391,44987,47766,23044,32655
4799,33788,38288,44142,5612,694,8309,21614,40706,28199,31040,29987,35535,15290,21616,35108,9839,47209,23537,47766,9366
31500,8580,5798,8366,19863
28204,10108,29675,44056,8424,39066,21872,28985,47626
35336,37317,17207,11759,23423,42629
5479,2078,36397,20114,24964,329,4461,5390,48679,28842
37250,28553,35951,39619,18918,48023,14633,14678,3142
48348,9076,8382,29623,4989,13870
39097,7308,23233,36550,20178,33572,20583,45007
43565,5077,32330,17298,1217
2120
24852,25890,33754,4957,12276,22089
26010,23148,35469,4097,12118,28278,8988
940,9434,23375
23329,2091,48270,13176
35886,32923,39001,44683
28986,41328,45535
13431,24852,7559,28912,39877,12872,2452
24852,3990,34969,39297,26221,40338,23341,36434,7460,37215,42677,9995,23026,4605
6201,46842,3039,44733,37592,46811,41290,36052,40281,3880
5479,9339,46676,22425,38108
24852,25804,4919,4605,7860,36707,27903,8481,12429,11526,35206,17545
31215,21506,42110,12320,26751,10899,34993,37788,17758,23744
44910,38730,45066,5025,30463,11826
27428,43867,12212,26384,18131,9932,28990,17389
3389,4759
30233,31444,19348,1063,12797,30480,47626
25890,43014,34358,13176,15937,47630,28204,26209,41610
23909,5385,46332,6366,14168,19389,49279,45765,26751,41178,35954,5077
14947,21137,11520,19311,24852,20015,27509,11777,17429,43772,26032,23634,10998,8339,19173,31970,35939,6740,48220,38312,31635,21841,45066
26165,45223,11520,28745,47626,28986,20119,21903,18370,47209,45007
35986,19322,712,37709,27695,36737,17668,15767,39448,7963,40104,47766,12597
43068,17202,39225,30489,24852,5479,43014,48395,27900,12029,20410,47209,44734,37053,32864,20427,31478,36230,33089,13496
27966,486
36039,35221,24852,432,21903,30450,47626,20842,45066,5373,36695,5024,11193,34126,14992,47630
13176,49131,11777,16797,17725,30489,30233
4210,48927,49079,34234,3243,32553,21906,29487,25804,19760,36849,44290
18465,7963,7781,22963,39928,30505,12384,13176,49683
32478,12341
47943,26315,30391,31717,7381,41750,8277,2966,31130,16757,26209,35688,16759,34126,36854,35221,24964,27521,1025,40777
10957,40002,28466,25132,40330,31043,13909
277,35045,29529,41591,11047,46189,11014,37849
36180,42495,47111,30057,43205,43530,19173,7058,23102,21513,36070,10492,4006,28307
41950,44230,49175,47645,37162,19677,24852
29447,25472,39275,27966,48679,21137,38490
38440,12427
13176,26369,41806,35939,11712,26604,6948,28985,42244,31717,45007,34230,46979,13640,17795,12341,38383,27156,27966,30489,27392
5488,32566,36307,43474,47107,35473,28419,11520,15512,47238,16714,10616,3800,19057,1197,13556,23333,10478,30082,38016,42887
27344,48455,16254,27086,4605,2361,26540,40723,15700,12033,18564,18963,31961
1185,13423,33000,9007,48171,19178,31981,39545,26312,39352,18610,40486,42360,169,36266,37609,49054,32657,4907,23011,29807
49383,24852,2564,15622,34861
35360,3526,4895,11456,33065,7538,8707,41591,45149,9912,16564,39646,40403,927,19224,29020,8744,21091
11182,30949,8424,21137,34126,27104,48679,30720,35951,5077,27845,46802,4920,24964,31717,32096,37766,14399
39947,46331,45007,24852,47766,48679,47626,47792,46393,421,21955
35886,10326
5876,38383,15872,16759,17794,26369,30391,45200
13176,12341,37594,6473,10749,8174,10831,36695
2120,29437
13176,24838,31915,19057
27241,13176,42265
1463,44449,15395,16823,25718,32734,8381,45646
47141,13966,5782,31981,35383,24852,37654
27730,24024,10305,8792,5876,39877,34067
43654,35050,44008,27845,44375,33198,37029,36724,2314,37754,35176,4809,27392,1577
40141,4288,7622,16131,24372,46306,22343,7521,46900,27093
49520,5069,20114,15937,40348,33632,11985,7952,16495,2078,13176,7186,35921,13740,26133,30696,637,2350,15924,35909,3358,26709,28900,33651,31374,39792
14947,27845,27966,21903,10831,21938,17224,36735,13517,22935
47626,26209,42768,40749,35547
35221,17461,49191,8193,21938,23001
26128
22124,44632,29363,4957,40233,10504
11988,5586
4210,24852,26790,16185,44090,8277,18687,37733,5450,30561,14267,48628,1103,6774,3599,21009,25197,38273,48086,45014
34429,37067,11520,20754,40174,17948,19057,47209,7563,16965,21137,39430,7260,39739,34664,8309
47216,17634,38379,20054,30325,15290,35163,35341
117,8174,13176,10749,48058,21137,24221,34530,5785,37646,28226
42342,8174,37065,13176,26497
31066,34024,39204,10032,23661,34368
24701,7026,970,41821,22313,33548,24838,10151,41844,46979,9657
1940,25101,47993,6871,15816
40174,44085,5384,20955
32478,40618,38768,25588,13176,40939,46149,1376,4731,39281,33043,23719,19828
35958,8424,11182,46979,31258,27156,43643,24810
7751,13948
43892
46485,46676,21137,24852,37646,26369,31623,18221,19449
13176,47766,23909,21137,35939,16797
5670,24759,44233,23687,8920,48290,10669,31499,14381,47626,13385,12462
24964,6361,47734,41950,41588,46667,46906,2086
42265,47626,6933,26131,21267,36127,25659,42442,41149,47766,41690,17795,45066,36205
38444,15354,11292,25146,6166,5296,27102,31231,7881,41844
19660,31285,31717,1131,8279,24810,13861,11808,32771,23793,29552,1225
33589,8475,8104,27966,29830,43488,16652
15146,4429,6585,46990,8277,43504,40725,20039,22935,6012,48679,45007,41065,12193,37067
25146,24852,23233,11520,26369,44310,19677,12935,24184,27750,18288,28204,28985,30391
44310,31720,44008,6615,10385,27966,38772,20734,22594,25093
40604,5212,21295,21903,20120,49683,14084,42356,42762,20734

24838,14086,30639,1577,21527,47156,3957,12060,13176
3917,25533,10749,47209,19677,10504,25407,33452,38949,46147
39877,38622,44,2019
31981,48205,7644,48527,8767
24852,34262,42300,16759,38689,46906,17600,14462
32655,13077,48628,21903,19057,21137,18362,42701,26369,6873,781,31720,13176,5383,28985,30391,33000,17794,22935
38689,26209,28985,36522,24852,14947,24964,260,10108,47626
34380,47990,10840,24109,4297,19734,33716,26629,24852,23716,48335,19821,34862
44631,39199,27845,30567,1998,35108,30334,48467,7303,6656
46842,17341,47144,25804,6155,39380,29095,47114,26251,21709,49605,10473
37460,33394,2872,40734,31374
20794,41065,10749,2295,21903,7835,13496
37646,13176,8174,19443,37675,26223,21709,26620,36574
12427,41400,13914,46061
34466,31981,27243,38433,3486,31573
7948,36717,24160,9825,1194,24964,40141
33768,14467,32655,9598,21137,34069,31618,41165,21903,49235,2450,4066,27845,28204,42241
46266,4724,33147,21137,44683
3191,49610,21019,40310,27958,36031,1157,23405,40781,43183
27086,25330,23543,48364,24964,24668,4210,5415,17600,20869,10685
24964,34126,38797,20995,45535,17804,35221,7781
4210,48364,36839,5746,34234,13176,38467,47734,21903,40055
196,38768,21292,8048,26914,30720,16283,21903,5068,17122,43352
48058,13687,21512,24782,31040
10385,24964,26369
18140,13176,45013,14233,22935,27730
5450,48287,24235,28745,40706,8575,20899,34134,47900,9076
12745,37766,21903,18434,32655,25146,33037,17794,2962
42445,3957,33686,28928
13176,21137,27966,39877,8174,24489,2228,30391,27521,21903,25138
10432,23909,8028,31343,12322,43692,18963,45298,10616,31683,45541,25483,47356,12706,33846,40338,47993
6182,14159,16789
24852,18926,47087,37123,21513,6985,45584,30066
42556,47831,15851,10241,23352,25544,29346,30169,32108,14814,41463
25890,45723,2295,33352,5552,42796,9871,28849,10305
4462,18362,20794,27521,21616,39794,32864,10070,21137,42404,11352,19057,37890,21413,27344,13829,22935
40723,4920,31215,5785,28535,20869,40541,47766,24276
329,5015,47209,27966,10831,32429,13176,36039,21137,19046,28058,39984,49383
23909,9623,19691,24852,25146,4889,17919
781,32655,21543,29926,44422,41149
19660,14999,536,5077,24852,5444,45832,24701,37646,4721,36316
24799,21150,31663,17948,5450,42450,18610,33754,9839,41375,46082,40706,47616,21903,21902,2611,45104,25,36522,6104,33043,5025
25890,16797,24759,9076,30117,32478,432,26209,4605,28842,24499,41165,43789,9550,48679,4957,12872,20255,41220,3464,47766
15424,16696,44395,47884,9389,19779
18352,38293,9405,5450,24852,3952,42244,49683,12320,21616
11424,48230,47766,10895,22888,28842,26209,8518,5212,21903,30391,46820,22935,8955,9913
432,9390,6651,46802,35921,17872,35986
47141,18811,196
196,10441
42244,18523,46692,37687,38400,47766,15613,43352,14819,8518,21137,22959,38689,16797,31805,41593,41950,25890,30489,39275
2078,49191,44910,4605,13852,44632
8277
42677,9432,16997,16414,9743,15160,22855,49520,8714
10032,24759,25474,30480,43475,48375
43154,11046,30233,40742,22328
2513,7256,15134,18104,29968,26604,37611,9290,35546,19578,25590,45418,37
27845,24838,3481,19057,21137,39928,18926,19156,37524,21903,7156,10243,48726,10106
24852,33198,11140,27966
329,41165,10765,44142,46175,24964,6583,28842,21938,18531,38679,13176,34358,40723
27395,33819,40993,196,9901,30983,34305,24470,28059
19660,41290,7781,44008,31663,32655,35951,19019
890,12732,5769,46061
32638,39464,22406,16578,18379,29695,27966,23745,10519,28241,1905,30320,3990,11463,14612
38033,41570,49235,4920,20090,32782,16083
43565,26509,27418,30062,45769,11075,15134,17008,22788,5477,19488,2915,11827,21591
27845,9463,39928,24852,28985,34969,95
11576,25199,34423,25630,5640,3464,19057
12320,31337,37067,40604,3957
23288,45832,14104,42648,24701,43631,21139,28199,2078,21709,44632,35221,49235,29503
36724,24852,3397,38944,14780
32566,44292,11520,2350,4605,8087,5456,11068,7500,30489,34126,49131
42736,7649,11710,10369,46575,39928,13629,17803
5876,18234,41220,44359,36735,42342,36606,3464,8277,47209,8174,22825
28373,18027,21405,33120,21903,35168,40310,24838,1408,44359,13176,37067,11777,1818
27086,35383,20316,18523,19156,18926,24852,14958,30928,40873,11068,17794,20052,35939,43789,44056
24852,46979,14992,4605,24489,45535,40339,16432,33370,14335,19068,21137
48395,49175,5212,38689,25890
18465,47766,47900,34126,45007,79,22935,2593,33731,13176
47209,35135,35510,32689,42082,40706,19311,21137,21174,47763,768,43768
24838,19155,23054,12341,22752,26521
47848,2732,6550,277
40174,7781,47209,13176,48679,22151,2611,42265
13176,17177,47209,4920,10669,28207,29734,36640,40268,31555,41273
32689,47209,16797,3991,17794,40377,41844,13885,14084
47766,18382,4920,42803,24035,8277,20512,47610,48395,16797,43352,39275,10246,43735,8592,31717,44795,8382
809
7781,23082,29429,3282,40285,17616,18019
13870,45007,24852,45437,47626,48679,25584,38312,29370,31640,46906,44075,6948,16185,36076,32069
47209,24852,1463,41950
32689,24852,27966,35951,24390,26800,16768
36313,42300,18765,35951,13176,34668,24184,9337,49284,4605,18171,27451,37642,18598
21903,13176,23178,26800,9337,47209,35503,781
22825,13176,40604,45007,21616,38739,45495,15399,14947,8424,35921,46720,21872,26209,28278,28849,10998,38293,49175,4487,4605,38557,8174,25890,44359,6740,40396,28226,19677,37357,12033,14129
26620,47209,23543,45747,22556,11440,44632,22089,47626,4799,14077,32652
39275,13176,21137
25230,40709,39928,21137,37288,38777,9955,41950,48679,37966,21295,42244,12015,21903,9689
24852,47209,11777,47626,23576,49131,27464,28204,17429,32655,40706
39558,44632,14633,46979,22935,432,21903,37067,38996,21405,43961,39275,30720,47626,26648,24236
12980,26209,12099,35221,23734
28204,28199,24852,46676,24427,30169,9292,32478,20119,33754,28599
39275,15510,17530,5487,45343,39338,19049,35166,20385,29127,35249,45066,36011
18142,26584,47223,37066,37940,49306,3108,12652,32650,21372,14063,15341,35982,1964
13176,47144,24489,45570,37687,17948,18370,16168
39097,35784,35926,38456
38383,45007,9352,20119,26620,11698,1244,35951,48493,11350,48679,31727,4831,7801,35072
17316,25952,47877,14632,47626,14674,42625,39408,27323,28805
21903,8048,48812,21292,37687
44359,39877,18479,36695,8277,43122,45007,16759
15424,31102,12276,45389,20303,10032,16440,24291,2537,19538,43155,1217,16464,2102
24852,35199,16797,23909,25670,9844,17122,29640,48823,43352,2469,28993,5194,41134,34739
9387,13176,30489,22959,20842,165,47766
33768,15004,10606,21137,31759,7987,26405
13176,39001,13259,37919,12732,37710,10509,32079
17435,35560,26559,26372,11636
812,24964,7156,11937,23288,41787,13176,17794,47977,24838,18880,8277
24852,8898,7533,44156,15424,45061,40310,22476,41767,14992,30669,16797,47626,17616,2012,4920,8424,27356,23888,17858,18610,44548,15202,42240,31865,10365
40939
24838,46820,3583,17872,32655,15421,28156,42356,4656
24852,20595,43945,39046,34230,41290
16953
43739,11759,48697,19660,30827,5258
9358,30633,9839
21137,13176,42585,45066,13517,19173,47209,27344,19706,44781,3397,32201,6489,27845,49235,47672,43967,47626
25199,43192,37029,8479,47209,23291,3898,23719,30776,5073,7622,456,3213,19511
30591,9020,46041
37011,24644,17545,6236,44923,26172,23333,37489,18394,24808,21709,8016,24425,27196,25824,9387,23094,20378,15290,44142,2295,46979,49605,43565,12738,45938
24852,7783,36822,24135,6155
25753,27845,20119,36695,35004,47626,24964,47209,45066,27744,32839,651,33731,46667,45694,21903,26606,33028
5450,13029,47144,13287,37145,41674,27548,32331,6867,41808,19619,13245,5077,24852,4113,14488,42664,26348
5782,18814,14576,47163,13008,11678,9387,10500,16696,6155,24852,34635,41845,10990,33234
47156,13176,19660,37067,37335,5212,5015
47766,46886,14161,19348,40706,42265,49683,31371,8555,21955,9648,7863,34469,48679,44912,645,13609,21616
20345,41290,49683,29487,6760,36923,38890,14446,23339,29662
35547,24852,46886,40198,13966,48057,32478,46900,47966,30489,39275,44632
27966,25513,5876,18479,36076
23194,11451
7090,36216,26919,9076
46363,10326,32478
17985,24565,43008,2636
47877
16223,29315,29373,31495,14379
19613,27966,44359,14814,43735,23228,21137,8277,46294,12225,17706,11437,47521
35163,46906,24852,21137,5322,42265,32030,42093,9839,2091,40604,34126,32139,34358,47626,7781,40706,35343,10011,37557
10957,29095,19691,38357,11081,44799,35199,24852,21553,15978,46572,39041,26283,10673,42460,4347,37654,4290,40348,42240,4210,7326,3696,19202,18218
44987
49683,5114,26800,24964,5373,9741,27055,8277
26165,34423,5876
14233,33016,2539,28449,32115,46049,43857,8744,48278,2120,39369
27715,33752,30814
44632,21553,47357,43772,24184,47209,28842,34940,4374,32684,38028
24852,27090,38544,18465,37718,35633,8929,21137,32839,19678
20114,7762,12210,25890,48118,5991,21938,25097
35221,44310,41149,44359,21903,8277,32850,30776,22708,26790,29370,44229,5646,19894,27355,24838,1819,11992,17021,14778,21380,18337,1215,35750
27890,21903,38164,7562,6873,34262,31343,29487
21195,22128,14290,26152,14419,9358,11759,42455
40332,10957,34203,16797,2855,264,44683,24028,44156,36624,46294
35914,41665,43295,46616,37067,19678,24964,17487,17828,40001,24024,11520,6348,32689,36039
16848,26165,29118,13292,4799,14858,25931,18078,24799,21137,33198,38944,39275,45104,10749,21938,17461,19366,48679
20600,26088,47788,25588,26620,21417,35221,20144,39275,1700
30339,21137
33783
13176,47209,30233,17530,19816,226,5973,47667
32734,8239,16462,23339,24789,43920,12320,13167,35939,42216,48946
45257,24852,32285,23082,2619,10343,19174,14874,33249,26706,45364
16540,13176,40571,37417,21137,49683,3787,4462,651,31315,19660,34648,39968,11941,41290
38289,32655,34498
25890,6489,33754,14917,8061,33787,22124,30461,5337,11250,3376,22888,35951,4920,22474,25705
14947,8580,1185,6799
21150,31486,41682,2379,18963,30353,39858,25495,16198,26409,33493,8664,11256,22021,25344,47977
43154,22802
49683,14147,29088,38400,44234,1032,4163,32543,35352,10193
2596,40002,16965,18362,47222,16902,20431,41665,16587,14462,27355,47626,41950,22828
12341,13176,42265,16797,35951
23288,18994,5785,21903,8277,18027
34530,34050,36550,12583,12916,27104,27966,36929
13176,8912,39180,29557,14732,30489,15091,28122,28628,39468,19678,46979,12492,18487,45580,35364,13779,27156,33731,18531,890,37825
37067,7649,46906,15025,18362,8277,22825
1379
13176,10768,36127,47209,30385,19660,22935,41065,44393,19057,12756,27392,14992,12714,6962,8174,7021,31955,39075
34358,30480,4367,25588,43363,16611,27344,31242,41771
47890,13249,26604,43209,48705,19604,3856,49007,49478,17008
27845,10337,47766,11520,7628,36737,24184,24952,5575,19508,34005,40604,24964,25890,21574,39275
33198,36107,26754,29801,47119,29104
27292,12398,30391,18288,18531,22935,4367,24964,7484,37892
20794,4472,31139,5479,14870,11520,41860,21070,36695,40706,27966,5876,16387,768
27966,21137,21616,31964,25705,37646,26209,24964,25890,18465,47766,27104
47209,19003,22935,38154
45343,49519,30334,1998,10339,5487
28597,3283,24852,39099,27705,45906,8012,21096,32402,20114,38274,8076,8309
19213,13129,3732,6359,36962,30532,47683,30850,16185,22952,32211,12538,44475,46941,3676,14379
41220,28928,15438,45007,42342,27336,40268,22993,11688,43768,24184,44389,27292,23029,19057,29228,20330
5479,49683,21096,10385,37119,26495
21292,16797,43352,13176,23288
47209,26706,32566,47119,17949,21616,38730,45106,44987,141,22308,11437
49374,19006,28420,3420,38827,27122
3957,10017,42736,18465,15261,22492
32981,27730,12564,43867,12397,21190,38185,14168,18960,39285,9381,22565,23801,23405,30727,41590,4493,9486,30682
31288,24891,49235,19057,890,34,1511,25753,30391,47672,22935,13176,19068,22164,48190,9076,21137,10132,19019
33771,21781,4591,14157,15283
39993,1700,12564,32465,5818,44987,12779,12087,8898,23288,40478,4317
35842,11123,25843,26431,24852,44051,46069,26369,6069,5451,5939,34137,17105,35951,47217,26165,28476
36180,1511,22935,10912,44359,14540
13176,47766,23102,4097,27845,37646,39275,43961,22935,44628,45535
49520,21380,23709,44632
14947,20119,44632,21709,35221,12916,39921
28148,11452,39475,18373,11909,7628
31883,2237,16291,329,13176,35855,43086
31040,12392,14891,17600,23099,939
43352,5258,21903,33147,35886,30450,3798,37687,21137,27845,39001
20574,30639,47766,37665,26317,45537,26369,1823,48395,21137,24852,24221,33162,38772,22961,31717,27086,35547,21955,39275,43352,13249,32864,15649,16797,28842,24830
44632,39676,13147,38456,45066,27429,17264,20899,27189,10768,46056,28155,12572,18670,32502,45437,2443
34024,23909,11123,39612,294,33506,21267,20355,46973,44051,2876,5782,38737,10193,16315,17115,21133,25232
