"[196, 25133, 38928, 26405, 39657, 10258, 13032, 26088, 27845, 49235, 46149]"
"[329, 9337, 43129]"
"[44359, 40516, 9092, 49683, 25890, 5876, 47766, 21903, 24964, 9224, 23898, 36011, 13535, 19508, 40706, 5337]"
"[30440, 39527, 5450, 17044, 26668, 44283, 42701, 16525, 46720, 33731, 25230, 45007, 27156]"
"[17027, 11576, 40706, 43789, 13640]"
"[9508, 28199, 33894, 7606, 20955, 17339, 30597, 7168, 25266, 31964, 32813, 42976, 17982, 34862]"
"[42450, 38241, 23106, 7533]"
"[15472, 26910, 49296, 42460, 19871, 45388, 35042, 26002, 47141, 41844, 25691, 47759, 35672, 46811]"
"[42768, 9666, 12703, 21174, 21616, 11199, 7751, 11777, 14089, 44076, 95]"
"[21137, 34243, 2124, 48679, 27845]"
"[7131, 49683, 42450, 45066, 44359, 34466, 20919, 9681, 47912, 7806, 38734, 16185, 48230, 2825, 34214, 14778]"
"[5025, 19678, 5077, 1890, 34969, 34358, 21560, 19894, 17419, 17321, 13629, 38400, 41690, 47209, 2994, 3464, 29926, 26209, 9554, 6655]"
"[9337, 24852, 47766, 20995, 7628, 25890, 31338, 17630, 30776, 48559, 9421, 45603, 25659, 35140, 32652, 4920, 11136, 24838]"
"[21938, 30309, 9065, 14096, 17715, 9510, 13176, 30551, 16797]"
"[3957, 49235, 47144, 432, 18465, 42828, 19982, 7781, 7131, 49610]"
"[31605, 4210, 8239, 24852, 38452, 44632, 22035, 27086]"
"[38371, 16959]"
"[9710, 2856, 11071, 46720, 35128, 39693, 42511, 27323, 21137, 18531, 3938, 35900]"
"[1062, 10374, 45443, 32331, 29094, 48205, 16154, 33827, 3358]"
[12672]
"[31805, 38768, 16797, 43352, 46149, 37215]"
"[6846, 24852, 26384, 4210, 9515, 8859, 15125, 47785, 29363, 3308, 3040, 20708, 14154, 35618, 39823]"
"[5876, 47766, 34126, 7649, 36695, 40408, 3952, 13176, 41290, 40706, 35845, 22935, 24231, 48726, 20754, 38480, 19990, 33725, 16797, 2452, 2611, 39504]"
"[8224, 39498, 7762, 43483, 38739, 7883, 21288, 19539]"
"[35042, 7600, 7644, 6016, 2495, 30353, 49520, 16797, 44319, 38307, 2413, 14722, 12524]"
[4920]
"[14573, 3213, 7622, 45860, 10385, 14259, 46516, 11760, 4410, 32655, 31066, 35221, 42495]"
"[25890, 5450, 11250, 28204, 49683, 4605]"
"[3919, 6213, 13147, 46686, 32864, 9558]"
"[8179, 47766, 22935, 11520, 45007, 34126, 34429, 15503, 37067]"
"[35886, 36051, 32058]"
[46149]
"[49683, 21903, 13176, 28985, 48679, 4421, 32717]"
"[32650, 2536, 33716, 48672, 2717, 31268, 31639, 602]"
"[12606, 310, 46823, 13176, 2658, 23537]"
"[47144, 23806, 18027]"
"[693, 38689, 5692, 11707, 44240, 42052, 6975, 4799, 8257, 25824, 12674, 6734]"
"[34865, 14114, 32438, 22878, 44177, 10053, 24410, 23621, 27796, 45169, 45064, 22617, 12767, 24508, 28472, 35956, 47058, 12323, 11463]"
"[49683, 28601, 17902, 12845, 4920, 31932, 32839, 47862, 27344, 35108, 44422, 26604, 28325, 42615, 20734, 31893, 38419, 17794, 29662]"
"[20862, 12980, 17334, 18895, 9249, 24759, 38726, 4329, 32691]"
"[45656, 31502, 33464, 8851, 19766]"
"[29553, 7364, 26312, 44325]"
"[48835, 35547, 35199, 42557, 4656, 17461, 8021, 18140]"
"[13176, 26604, 46667, 33741, 27521, 31506, 43352, 37011, 5876, 43789, 34530, 29668, 24933, 34423, 30756, 1468, 9387]"
"[4210, 24852, 13517, 42450, 4920, 44787, 28597, 3634, 16797, 22035, 9266, 37464, 15613, 8025, 11790, 12320, 31927, 4605, 2450, 26914, 39812, 39990, 10060, 34358, 8239, 45066, 45646, 21543, 2078]"
"[36058, 15404, 37255, 44142, 9216, 8536, 27510, 42667, 41276]"
"[7781, 24097, 45035, 40174, 39877, 28599]"
"[44359, 38383, 27966, 24852, 35727, 2668, 14903, 11362, 12144, 15902, 13203, 3318, 18721, 32842, 8536, 3007, 5994, 13802, 5566, 45646, 28571, 43742, 17979, 39275, 29336, 12289, 27243, 13790, 45840]"
"[47209, 46676, 21903, 24852, 5212, 47626, 40706, 47144, 18370, 6000, 41077, 8424, 31343, 25630, 45007, 41065, 24184, 18696, 28849, 4487, 22825, 7863, 22395, 45948, 20186]"
"[30081, 22559, 40310]"
"[39947, 24852, 5241, 20947, 17333, 9421, 20794, 25010, 45417]"
"[47766, 46616, 48335, 47792, 17730, 25762, 31766, 29370, 31701, 27509, 18370, 5959, 43696, 30806]"
"[19511, 47766, 43352, 43961, 14335, 25852, 47626, 21903, 12206, 21616, 11494, 25340, 25513]"
"[40583, 21070, 12395, 11520, 26756, 26201, 19154, 27142]"
"[19057, 25138, 27845, 18531, 37029, 47042, 7314, 18362, 13176, 12039, 34423, 19125, 26209, 8518, 29662, 7021, 3376, 44359, 35176, 4461, 24964]"
"[9972, 19604, 16797, 11286, 33493, 32463, 20711, 35982, 14162, 49235, 2745]"
"[47766, 44632, 10518, 29287, 45007, 27966, 34244, 44359, 26209, 34243, 26683, 432, 20842, 24852, 17429, 15613]"
[5428]
"[22117, 24852, 16797, 39108, 32167, 45229, 46347, 36259]"
"[18860, 30397, 4687]"
"[35536, 43986, 37460, 42372, 38167, 23637, 21386, 39758, 38241, 44142]"
"[39228, 34584, 37067]"
"[18975, 34458, 6873, 21938, 24184, 248]"
"[13176, 34050, 20842, 27966, 8518, 47780, 13380, 47626, 26209, 42265, 26369, 8006, 34358, 43768, 44683, 39275, 24799, 42585, 27845, 30720, 24107, 48697, 12206, 22825, 6740, 31371, 3849, 8021, 25552, 48745, 43945, 7185]"
"[16759, 17206, 10504, 45066, 44422, 36011, 47029, 20842, 24583, 11980, 36640, 11100, 22035, 8518, 48679, 2295, 24852, 4920, 47766, 16083, 25659, 32579, 3145, 38966, 46558, 40229, 23165]"
[13424]
"[7825, 660, 25830, 46179, 24852, 19051, 48348, 22401]"
"[33238, 19660, 32524, 14233, 35948, 9779, 40571, 6101, 2180, 11777, 46257, 4813, 32099, 29415, 30505, 37524, 5876, 41285, 46906, 5812, 22664, 17878, 28204, 18431, 23601, 22504, 31723]"
"[37067, 47229, 38557]"
"[44290, 37229, 5025, 39993, 36736, 15120]"
"[15263, 4382, 8641, 17122, 22952, 26604, 47180]"
"[7781, 13629, 32230, 14678, 33352, 79, 41544, 27683, 10315, 20920, 20995, 25005, 28986, 22935, 39877, 47766, 38777, 37766, 19057, 47788, 26209, 2825, 46107, 17794]"
"[40348, 23687, 17795, 28805, 29382, 8424, 5025, 32133, 5124, 39921, 38288, 24442, 16556, 39481, 24883, 47532, 13784, 39190, 16953, 28842, 9894, 45951]"
"[13113, 48628, 9477, 22400, 7175, 37220, 20906, 18891, 6146, 27509, 43961, 19057, 18523, 33754, 33787, 18926]"
"[31651, 39657, 43721, 44853, 43739]"
"[47766, 24852, 4920, 5025, 14992, 3896, 6987, 44375, 36127, 21137, 21903, 25087, 22888]"
"[26790, 18629, 12820, 7781, 24413, 40174, 44201, 18072, 42625, 21137, 46667, 13176, 6615]"
"[38750, 25817, 35221, 26981, 39194, 18479, 34325]"
"[19600, 10673, 34234, 13176, 30387, 45066, 18805]"
"[14702, 21137, 46979, 24830, 13263, 45007]"
"[47144, 31506, 4132]"
"[43352, 25379, 21903, 32455, 26088]"
"[24082, 28553, 42145, 11481, 23334, 46692, 7179, 34091]"
"[24852, 16797, 33731, 17949, 42356, 4421, 19816, 28849, 3376, 8670, 13535, 33527, 22035, 42265, 35628, 46584, 18352, 8277, 41787, 37687, 33768, 40706, 13646, 6774]"
"[4461, 27928, 16965, 15753]"
"[40001, 43713, 2822, 39928, 47042, 22825, 44426, 21137]"
"[47209, 38689, 18465, 48857, 42265, 5876, 27104, 39928, 30391, 22825, 34530, 41665, 9839, 26369, 28985, 22935, 8277, 20736, 23165, 42736, 24236, 46206, 24964, 30442, 21137, 21037, 8412, 11526, 3843, 28842, 34126, 43122, 6860, 40233, 9689]"
"[39275, 24838, 26128, 36724, 34356, 48679, 44882, 38281, 16797, 24489, 15290, 21903, 32429, 47766]"
"[10333, 22667, 23219, 47865]"
"[33733, 42824, 4762, 29658, 3884, 21006, 10765, 21137, 24489, 17948, 49497, 5120, 21405]"
"[2120, 29880]"
"[21841, 5449, 26298, 31343, 21616, 47526, 27344, 9913, 34347, 4920, 21707, 39024]"
[10385]
"[26364, 32227, 16254, 13252, 19660, 6740, 46979, 21267, 43504, 1364, 11839, 21616, 13870, 12419, 21938, 16797, 25720, 35025]"
"[23715, 21903, 4605, 38679]"
"[13176, 2855, 42342, 13252]"
"[13176, 45104, 7503, 13819, 40386, 40742, 23044, 46676, 18523, 36961, 33055, 39190, 37388]"
"[38383, 35731, 23037, 28210, 28006]"
"[27966, 21137, 14965, 11826, 38425, 35982, 33392]"
"[30353, 27275, 36316, 23047, 3308, 3705, 38025, 40910]"
"[34067, 36118]"
"[22050, 44027, 22108]"
"[16797, 43352, 28289, 49260, 38689, 5450, 6348, 13733, 4605, 44008, 49191, 47626, 9018, 8467, 25890, 20754, 8298, 25931, 27596, 43961, 40604, 18465]"
"[40332, 8193, 15424, 4605]"
"[17758, 43693, 3919, 9007, 40332, 16797, 9387, 38579, 24852, 29615, 13536, 40348]"
"[47209, 38689, 17461, 21903, 24852, 39275, 32864, 8277, 48679, 5251, 14992, 30391, 45788]"
"[23039, 19068, 28157, 40332, 20842, 24852, 28204, 46802, 1158]"
"[13194, 4306, 16900, 14715, 27833, 21019, 13834, 41373, 45007, 43698, 36322, 13909, 20955, 6631]"
"[18443, 11759, 37185]"
"[34243, 25890, 38273, 35725, 4605]"
"[9076, 11827, 38185, 1313, 41665, 45930, 7963, 169, 43973, 24852, 14947, 28634, 30776]"
"[33439, 33316, 35274, 42959]"
"[12456, 11046]"
"[45255, 21868, 30307, 32156, 205, 16813, 31745, 16753]"
"[24436, 14355, 32655, 27690, 48720, 29662]"
"[9451, 23909, 17008, 30983, 40939, 15747]"
"[10753, 9687, 27845, 37691, 39275, 45123, 47209, 36695, 26940]"
"[12332, 2235, 27240, 17836, 18796]"
"[28427, 2876, 16185, 13176, 12817, 4595, 6184, 7781, 39408, 9076, 34453, 7644, 47305, 21246, 34358, 46720, 44439, 41665, 27323, 47209, 21144, 5547, 33000]"
"[9755, 11123, 40486, 46692, 17426, 16900, 31693, 31238, 21793, 43945, 47692]"
"[31717, 15405, 21137, 41570, 16759, 46667, 44910, 46979, 4472]"
"[48144, 36878, 34969, 26209]"
"[33768, 3265, 14715]"
"[17183, 37687, 12196, 36189, 9517, 14766]"
"[14800, 13249]"
"[43352, 10326]"
"[16558, 1074, 5479, 37538, 20383, 24382]"
"[6193, 24186, 325, 13176, 22624, 33129, 5819]"
"[19125, 29112, 22625, 47866, 12212, 4067, 25160, 11143]"
"[48238, 40199, 9076, 21903, 12395, 22114, 4538, 31075, 21117, 13398, 40233, 28177]"
"[31808, 31450, 7955, 23413, 14187, 32353]"
"[723, 47728, 17616, 13194, 43070, 46674]"
"[37067, 22035, 39877, 49235, 6740, 4920, 19057, 27845]"
"[47141, 16290, 33647]"
"[7963, 24841, 7381, 11941, 9364, 45679, 45007, 41065, 16616]"
"[18610, 30391, 40706, 37067, 8174, 41290, 43967, 7260]"
"[13245, 8149, 33198, 46979, 46842, 26651, 48746, 3990, 36393, 41453, 194]"
"[34012, 4942, 21903, 2295, 20114, 49683, 24964, 47766, 47626, 34126, 31717, 13780, 41950, 22935, 48679, 31553, 27344, 33000]"
"[47209, 18465, 17316, 38510, 36164, 45116, 44888, 37029]"
"[16349, 37388, 45700, 17579, 49235, 24852, 12440, 42445, 47280, 12456, 49247, 4462, 12659, 21137, 23165, 39558, 19982, 35166, 7021, 22395, 37524]"
"[49683, 27757, 12962, 34092, 11526, 5818, 43319, 20344, 7350, 37766]"
"[40174, 24850, 13176, 28199, 38622]"
"[46004, 49325, 24852, 24184, 15290, 43768, 21938, 21019, 26649, 26351, 24838, 17518, 47766, 34407, 37654, 26714, 26410, 39505, 46572, 10132, 34898, 2668, 12513, 35727, 19495, 15902, 13951, 45583, 41564, 14168, 5923, 43568, 1503, 46484]"
"[24838, 5428, 19376, 26317, 34044, 6187, 46676]"
"[24852, 13629, 14678, 47601, 37496, 40516, 30391, 35176, 4799, 26882, 34126]"
"[6182, 23282, 22369, 11619, 40706, 8518, 47766, 5479, 15649, 12499, 39928]"
"[18523, 24852, 22035, 14467, 30561, 22825, 16617, 44560, 42828, 45013, 23801]"
"[30489, 20842, 44229, 37215]"
"[26029, 24669, 47569, 44290, 23909, 46056]"
"[29363, 17948, 48442, 32030, 21137, 11352, 24489, 39877, 32486, 38374, 3020, 34134, 1039, 13802, 7503, 38985, 29092, 29337, 39977, 18465, 4844, 19154, 4193, 13083, 23695, 17224, 42244, 27966, 26604, 47492]"
"[20574, 33787, 4957, 13838, 11440, 44560, 8138, 37687, 38274, 39409, 18564, 23801, 4920, 1360, 15649]"
"[23296, 47329, 48626, 24125, 13870, 17294, 2146, 3682, 22890]"
"[45870, 28849, 28842, 28985, 21903, 5618, 11090, 8518, 47630, 8424]"
"[24852, 38779, 33754, 9550, 7748, 45788, 15011, 32781, 44229, 9808]"
"[43631, 2982, 39097, 25219, 33846, 45296, 41601, 24307, 16797]"
"[24852, 13797, 37646]"
"[24852, 49621, 8518, 27086, 30391, 21137, 24184, 21938, 35163, 14467, 3999, 46979, 25890, 19161, 10246, 5390, 2581, 26604, 33055, 4920, 48364, 26369, 44661, 27336, 36389]"
"[39877, 33198, 46654, 30480, 22935, 43789, 19579, 27521, 4790, 6948, 651, 7948, 17027, 4294]"
"[47577, 129, 19097, 19987, 21567, 7786, 31904]"
"[13176, 35921, 47209, 30391, 47759, 37646, 8025]"
"[13176, 36994, 29447, 31824, 9755]"
"[21667, 33846, 24852, 16953, 44142, 26384, 12945, 7075]"
"[37731, 47141, 17650, 19173]"
[7509]
"[9387, 19893, 24852, 11182, 43565, 18135, 43772, 1117, 5782, 23594, 16185]"
"[29544, 41658, 10685, 7912, 5077, 39275, 7715, 34969, 79, 37388, 23695, 46906, 1935, 40516, 23537, 41198, 10804, 34243, 16083]"
"[13176, 35921, 16797, 39877, 18880, 48110, 46321, 1919, 16864, 47766, 32864, 49191, 40156, 21903, 23265, 13984, 12583, 49383, 38028, 42768, 28985, 9092, 22935, 44229]"
"[23240, 13707, 10702, 46886, 45061]"
"[48628, 23362, 14084, 18465, 21137, 24852, 19966, 37594, 920, 21903]"
"[17316, 15592, 35336, 13870, 35628, 2002, 48845, 4031]"
"[29894, 33673]"
"[1408, 49191, 273, 41588, 35221, 12606, 16589, 17366, 7088, 21903]"
"[16797, 24838, 31553, 28985, 47209, 27104, 43129, 23909, 49381, 19003, 30391, 24852, 42495, 14161, 32768, 11461, 32133, 35234, 23541, 23854, 12206, 14594, 8424, 28842, 9741, 17758, 34329, 20114, 2408, 30723, 8400, 36962]"
"[3765, 3055, 2188, 5649, 38308, 45817, 18599, 41238, 39040, 44910, 40706, 16797, 32864, 30391, 21938, 4086, 35503, 42342, 35911, 34530, 30133, 18531, 8239, 18761, 44353, 46516, 14673, 546, 16181]"
"[23001, 20119, 42736, 27521, 24184, 46667, 521, 5479, 23288, 47209, 33825, 44628, 21903, 21405, 8518, 22935, 30480, 28849, 19677, 40706, 41606, 21938, 31717, 1483]"
"[12614, 40174, 49683, 47388, 7645, 37158]"
"[11520, 44632, 42585, 12592, 3556, 21477, 32306, 47439, 45541, 6970, 4391]"
"[781, 23165, 14129, 19032]"
"[20842, 47144, 18594, 10369, 12069, 10385, 43961, 13548]"
"[33015, 16325, 11755, 8006, 10768, 11737, 12745, 31288, 5918, 26298, 36550, 20169, 21376, 7485, 6489, 22793, 18502, 3599]"
"[215, 44580, 41273, 6399, 33389, 1700, 9755, 432, 8514, 47209, 43626, 44614, 37646]"
"[24339, 32332, 21573, 34862, 21709, 26634, 30511, 19348]"
"[22825, 21137, 42828, 27845, 19511, 21614, 39921, 20842, 19322]"
"[34024, 32519, 42475, 36086, 23102, 47626, 3256, 29345, 36076, 4131, 11614, 47766, 18432]"
"[5120, 8174, 19057, 21174]"
"[33290, 246, 40131, 14947, 9866, 27850, 14885, 19660]"
"[36200, 43631, 16797, 4478]"
"[20240, 27966, 22677]"
[37710]
"[41242, 8986, 8174, 27316, 48058, 38453, 47626, 23909, 37646, 40612, 21508, 24082]"
"[46047, 41541, 46802, 22141, 4942, 21616, 2228, 3962]"
"[5479, 47766, 44008, 15649, 45594, 25890, 31553, 14447, 41427, 36830, 29092, 16797, 39275, 34243]"
"[47325, 5479, 45066, 39527]"
"[46979, 34126, 18531, 42736, 47626, 15937]"
"[24838, 12945, 47734, 36103, 29307]"
"[36835, 24852, 33352, 41787, 36315, 10017, 24622, 12941, 49023, 31612, 39001, 41019, 7993, 22260, 8424, 34224]"
"[43352, 4945, 5479, 30290, 24518, 40345, 13113, 9741, 44815, 16766, 31737, 28420, 1883, 27554, 29941, 1360, 45066, 21137, 33768, 3599, 31730, 5020, 20842, 8021, 45535, 25743, 8174]"
[816]
"[28634, 40310, 3782, 24852, 29526, 15872, 32851, 17119, 23433, 32478, 4163, 11941, 5097, 47672]"
"[36869, 22416, 41271, 37646, 28199, 22825, 42265, 24852, 28204]"
"[39529, 41840, 5428, 46470]"
"[27243, 23338, 24852, 5161, 13819, 29926, 34655]"
"[24852, 12440, 42719, 31964, 21137, 41658, 27413, 48246, 1017, 19948, 25920, 46853, 14715]"
"[35689, 35176, 7035, 42741, 13176, 37646, 22825, 21077, 18224, 39886, 28309, 19115, 39558, 24964, 34844, 45948, 1440, 28156]"
"[10246, 44359, 8518, 33768, 28993, 21938, 40836, 32717, 7858, 6317, 44561, 3283]"
"[12779, 14536, 26209, 31717, 5025, 24184, 12703, 16478, 5450, 43565, 6046, 47626, 17795, 22359, 32605, 18074, 23504, 26227]"
"[28204, 24852, 19086, 47766, 4086, 39301, 28842, 42677]"
"[10312, 42240, 5126, 45290, 2180, 48634, 8204, 5923, 31506, 46217, 23032, 43262]"
"[39408, 45123, 11538, 32900, 30489, 25623, 3599, 6532, 30169, 29447, 5479, 22035, 6348, 5212, 27966, 44910, 13176, 31717, 34969, 26209, 47626, 5450, 5031, 23952, 27573]"
"[34308, 8650, 39157, 31541, 40787, 23341, 9647]"
"[4945, 27845, 46900, 8239]"
"[25407, 37723, 31717, 27156, 4793, 12099, 11512, 12745, 37067, 4960, 2573, 26062, 17948, 14852, 32016, 34217, 17706]"
"[22935, 41690, 46575, 781, 28373, 39993, 49683, 14992, 36127, 24184, 15290, 2295, 30719, 39877, 29894, 20995, 34755]"
"[10369, 3869, 49488, 4410, 5258]"
"[17706, 17419, 47766, 13176, 781, 18908, 35652, 22827, 3843, 43234, 20583, 47042, 48559, 6287, 8736, 43122, 31720, 17872]"
"[42633, 6046, 30169, 8424, 13828, 19938, 33452, 46979, 9076]"
"[13176, 14947, 18352, 2979, 13517, 33055, 3952, 5769, 39216, 10246, 32864, 20127, 37538, 5450, 46969, 8518, 45063, 15016, 45007, 31263, 21903, 15040, 3382, 48017, 39877, 9825, 30489, 32433]"
"[5785, 20437, 18362, 22935, 14540, 11136, 47209, 49075, 4809, 24852]"
"[36691, 7224, 24852, 40939, 10734, 29540, 46979, 38400, 9387, 10286, 47141, 32122, 6248]"
"[13866, 14268, 32413, 21616, 43352, 32851, 41276, 29615, 39726, 43122, 45290, 47357]"
"[2368, 16290, 37103, 44375, 40310]"
"[23540, 38433, 13481, 43483, 11009, 17122, 28433, 17316, 432, 34234, 32338, 22695, 27093, 49114, 39275, 35124]"
"[25197, 16797, 47766, 34069, 13176, 28204, 31869, 22474, 49235, 24009, 1158, 25837, 10644, 43352, 27344, 31328, 5337]"
"[34497, 46802, 22035, 37067, 47626, 41375, 4920, 12732, 19057, 8021, 22935, 26209, 42002, 31717, 34126, 35000, 8518, 42736, 11408]"
"[24852, 25931, 5450, 17429, 5479]"
"[40939, 14966, 46521, 21195]"
"[38383, 16908, 11777, 16797, 37220, 19385]"
"[10441, 43352, 21288, 8013, 5161, 43154]"
"[6846, 6998, 5259, 12212, 22767, 42305, 17858, 14338, 37940, 12902, 10898, 12850, 7571, 45772, 20371]"
"[25466, 47209]"
"[47977, 15944, 28913, 23157, 21795, 23032, 43209, 1700, 27323, 19468, 34854, 3990, 21410, 48762, 9837, 40380, 8047, 7173]"
"[40310, 16920, 36307, 6046, 47141, 35072, 5460, 13176, 9477, 13966, 47657, 1319, 29664]"
"[39812, 13280, 31562, 45264, 46294, 32465, 19282, 3464, 21616, 12419, 45007, 46526, 47626, 33731, 10385, 10749, 22935]"
"[26209, 39806, 28985, 47209, 1981]"
"[24810, 22963, 46667, 43428, 39275, 24489, 37067, 35749]"
"[41351, 30340, 45064, 41290, 19263, 38946, 30535]"
"[22276, 25890, 16083, 30489, 39558, 6104, 651, 21137, 4605]"
"[32211, 30778, 41057, 23044, 21137, 39275, 26209, 1215, 17021, 14719, 24852, 45013, 21076, 33527, 36999, 43218]"
"[16797, 43352, 32478]"
"[1879, 40604, 28842, 22849, 44142, 30720, 21405]"
"[14218, 35176, 33787, 17461, 33754, 13176, 48679, 21943, 25762, 34969, 45202, 38557, 5876, 26940, 2450]"
"[13176, 43760, 27966, 38558, 26940, 27104]"
"[26900, 37687]"
"[49191, 49683, 38988, 13535, 33575, 8518, 16185, 33527, 33000, 25890, 22124, 4461, 43961]"
"[42001, 12817, 20785, 27344, 1514, 23044, 714, 44368, 23165, 19924, 30638]"
"[4799, 34126, 4605, 48094, 12872, 49236, 14197, 49385, 6740]"
"[13958, 5450, 39275, 16759, 18702, 38182, 49351, 43760, 24838, 37147, 5818, 41259, 5373, 12023, 18897]"
"[27966, 28123, 47766, 42701, 26604]"
"[6347, 28289, 19503, 39275, 3819, 8021, 40556, 31596, 34981, 14891, 1942, 10644, 13212, 30406, 4605, 22888, 32864]"
"[3389, 19156, 18926, 22124, 47087, 1559, 19611, 21053, 28226, 11714, 41273, 16696, 14131, 33984, 1688, 48705, 39719, 47107, 7419, 28204, 44359, 40516, 31555]"
"[15541, 42265, 30450]"
"[47766, 26209, 5077, 20995, 18102, 43352, 39275, 48299, 19003, 16354, 48205, 12187]"
"[432, 41890, 9477, 31343, 21125, 42265, 17835, 46802, 34688, 17706, 5031, 40545, 35108, 10292, 42110, 48057, 39699, 28597, 21053, 40310, 24852, 19376, 24160, 39877, 20876, 35221, 13782, 29442, 16748, 43194, 8021]"
"[23288, 18534, 34092, 7751, 29382, 36418, 47508, 40700, 36635, 39276, 33087, 44683]"
"[38694, 24852, 44632, 1710, 28156, 33120, 48423, 36284, 33825, 27966, 47766, 47630]"
[18838]
"[27730, 24852, 44331, 6265, 8072, 5640, 28987, 23917, 16818, 5547, 723, 42203, 4006, 39758, 13679, 777, 6128, 27323, 8266, 3658, 28199]"
"[33768, 20955]"
"[43721, 10473]"
"[24703, 29529, 16495, 23560, 19734, 31067]"
"[12341, 18889]"
"[11520, 28985, 16570, 36070, 24852, 40706, 44359, 45007, 31869, 26165, 48866, 29926, 15902, 10753, 23783]"
"[18523, 1890, 27966, 32274, 39928, 6902, 32130]"
"[19820, 22935, 21903, 26369, 204, 17419, 48745, 29662, 43122, 24852, 32210, 24184, 21938, 15290, 7673, 41960, 37646]"
"[17828, 5322, 39877, 31886, 33120, 36929, 7175, 8239]"
"[1154, 25023, 23048]"
"[46747, 46260, 24005, 43961, 13535, 10724, 26634, 39921]"
"[35561, 32455, 10441, 13424, 1700, 26348, 196]"
"[21137, 23288, 30489, 39275, 47209, 8025, 4367, 10369, 48097, 49235, 4793, 20899, 31100]"
"[24852, 9208, 32573, 19340, 44560, 8277, 1485, 26348, 5112, 9120, 14381, 33950, 34534, 12476, 37654]"
"[28427, 1940, 27744]"
"[35221, 21709, 3990, 5636, 20045, 29302, 937]"
"[39493, 9076, 47145, 24184, 43352, 35233, 26604, 8174, 15424, 33355, 35719, 34586, 42078, 4210, 45489, 44683, 48527, 4605, 13176, 40897]"
"[5372, 9808, 35093, 40516, 41665]"
"[40001, 10749, 41950, 5161, 31371, 45200, 33443, 40516, 46522, 4605, 29941, 18583, 48745, 44359, 27966, 1452, 17600, 33402, 14992, 148, 43129, 29307, 47310, 13176, 5479, 43122, 39877, 47492, 48720, 24489, 15592, 48230, 18479, 16823, 890, 46294, 31717, 43789, 21560, 8518, 35725]"
"[19660, 23915, 5068, 30720]"
[22476]
"[13852, 27104, 49075, 6948, 8670, 47734, 26940, 397, 10749, 24964]"
"[37714, 4945, 42828, 30391, 21938]"
"[8859, 42504, 35221, 6336, 12107, 46175, 12276, 10831, 26431, 12392, 33162, 5729, 6489, 29669, 40174, 36923]"
"[25355, 14917, 4957, 35163, 28593, 22825, 21267, 41259, 42002]"
"[17529, 17896, 5653, 47329, 347]"
"[16797, 24852, 38227, 48762, 19604, 7631, 7835, 20828, 13380, 46222, 42881, 9135, 4778, 32403]"
"[24852, 37687, 23909, 33401, 49131, 13198, 16797, 44786, 33754]"
"[15200, 4920, 32864, 33731, 27104, 27451, 24955]"
"[41276, 35470]"
"[12341, 5985, 7862, 27323, 32689, 13535, 30827, 19660, 196, 46149, 40199, 32478, 890]"
"[26317, 39877, 43768, 4138, 18465, 28862, 21560, 7781, 20995, 47866, 26790, 42110, 27344, 44948, 42265, 27695, 31148, 24952, 31343, 3631, 44471, 43295, 17429, 41844, 2180, 43713, 49401]"
"[40969, 196, 32211, 10441]"
"[24852, 38849, 48726, 19348]"
"[24838, 21137, 27966, 13176, 5757, 2067, 39322, 33462, 38256, 26427]"
"[5161, 16974]"
"[31215, 47626, 39984, 34358, 5876, 41247, 46979, 32030, 5479, 25466, 2593, 48622, 8012]"
"[42941, 32864, 1190, 10752]"
[10]
"[47209, 29013, 8174, 18770, 31611, 19261, 29307, 21661, 8381, 15123, 44137, 481, 14947, 12144, 21621, 34423]"
"[2979, 23888, 9216, 35984, 48226, 12919, 49520]"
"[2085, 8297, 5015, 35176, 32110]"
"[5785, 45954, 16965, 19057, 5385, 24981, 32275, 365, 6187]"
"[26540, 397, 41352, 46473, 18117, 36736, 47284, 33508, 21333, 28204, 5450, 47672, 28993, 27796, 28762, 30778, 15269, 39581, 33819, 29116, 29848]"
"[32655, 27966, 27086, 6046, 39097, 47280, 47209, 36869, 38531, 37766, 35561, 16797, 42265, 14633, 5134, 23029, 12456, 41950, 47788, 33081, 42508, 39619, 44201, 37646, 30489, 27344, 27104, 48957, 22008, 16868, 15016, 40725, 35072, 43768, 1244, 21724, 48364, 23339, 2439, 5876, 18656, 27573, 18434, 47740]"
"[35914, 47209, 24852, 33055, 36764]"
"[3873, 21137, 10613, 11081, 2309, 34, 41290, 19389, 17008, 45064, 23085, 22920, 18168, 20413, 35536, 11076, 10840, 38844, 47993, 45681, 40002, 23088, 6489, 32003, 26459, 46842]"
"[13166, 21137, 24852, 27966, 25146, 30391, 37646, 35140, 30561, 13225, 5959, 13431, 16973, 49131, 40706, 38622, 46847, 4792, 44560, 37276, 36724, 33511, 39216, 20600, 13870, 39715, 15693, 12935, 47626, 11737, 45747, 13517, 22276, 46993, 41909, 13829, 6300, 2611, 38840]"
"[22825, 39928, 1516, 35951, 10246, 16759, 21903, 5876, 8465]"
[11741]
"[45596, 27966, 39699, 15359, 13643, 27145, 3631, 4217, 17600, 22142, 16234]"
"[4210, 47042, 13535, 37119, 39475, 18441, 14332]"
"[4889, 32303, 4942, 29487, 43183, 24852, 16797, 26096, 13870, 34262, 30720, 43413, 22080]"
"[3298, 16953, 38928]"
"[27845, 44275, 14491, 38039, 32285, 29672, 9934, 18670, 40545, 22963, 40396, 2450, 41950, 33741]"
"[714, 16615, 3765, 20955, 26165, 3334, 21288, 1069, 12420, 33894, 25227, 44391, 16953, 14992, 14705, 10388, 5618]"
"[24852, 45066, 11182, 32605, 3847, 33198, 4317, 14111, 2838, 42736, 28156]"
"[34126, 39993, 27104, 7054, 4562, 13984, 25005, 45499, 16083]"
"[45763, 49439, 26604, 12614, 10025, 14881, 34126, 39922, 42030, 30720]"
"[18007, 41139]"
"[42625, 24184, 5025, 34358, 14536, 2512, 21781, 1186, 11408, 14197]"
"[46969, 17316, 37067, 49235, 33690, 3219, 3840, 47740, 2838, 12341, 30391, 21137, 20899, 34217, 27737]"
"[23737, 273, 41787, 20670, 27093, 32857, 5612, 37067]"
"[16797, 43352, 8048]"
[2005]
"[18987, 20955]"
"[30290, 34590, 46955, 11364]"
"[21292, 8048, 8571]"
"[48559, 12312, 605, 28715, 35503, 27663, 11576, 43713, 46906, 3957, 34058, 39738, 2086, 39947, 5876, 13176, 38164, 18362]"
"[19660, 49236, 47734, 18656, 19938]"
"[17550, 42741, 13802, 36029, 38465, 48109]"
"[16797, 12899, 38714, 40864, 8898, 43352, 42360, 25581, 13649, 47626, 8479, 32605, 38747, 31564, 11281, 13481, 7664, 21376, 16020, 37836, 44116, 1700, 27104, 36085, 37215, 45116, 17264, 33560, 46017, 43331, 33452, 38805, 16696, 47141, 30391, 9387, 14096, 7018, 19019]"
"[40688, 15200, 33378]"
"[33463, 26706, 5358, 24214, 24024, 37646, 43122, 21137, 27845, 7948, 9934, 1199, 5550, 34969, 32553, 5383, 19048]"
"[38312, 48220, 4472, 16797, 35909, 29088, 47006, 40332, 7600, 20828]"
"[22281, 13885, 49383, 16759, 29662, 46049, 44632, 22312]"
"[30827, 31912, 7862, 33768, 33147, 46129, 26104, 20955, 43154, 10326, 43352, 6184, 43720]"
"[21847, 17355, 27086, 19503]"
"[24852, 27845, 44310, 43713, 7911, 5194, 36994, 39527, 28862, 45613, 43961, 37766, 5652, 13431, 29370, 20600, 19139]"
"[9337, 1105, 30890, 28420, 24838]"
"[196, 43739, 46149]"
"[26405, 33493]"
"[31231, 6799, 36107, 28157, 20738, 18534, 20014, 2180, 26324, 13544, 3593, 8229, 25513]"
"[4142, 10753, 38480, 17847, 43182, 2592, 18465, 28373, 3481, 21903, 38383, 36926]"
"[24852, 4086, 24269, 28227, 33452, 28842, 10151, 26209, 5818, 49683, 27841, 42585, 12218, 45149, 12604, 18826, 32684, 1228]"
"[37646, 27156]"
"[6074, 48210, 4455, 2238, 30704, 8390, 44931, 1695, 10312]"
"[19429, 16696, 23410, 38374, 30668, 11495, 45217, 28199]"
"[15860, 37766, 5618, 40592, 20119, 26620, 45066, 32573, 42144]"
"[40852, 28985, 8859, 8518, 24964, 5959, 32981, 7503, 40268, 26209, 33731, 46979, 32465]"
"[32211, 29487, 22882, 44325, 10957, 48004, 23296, 43183, 28993, 8174, 30557, 2012, 28076, 7227, 36, 5770]"
"[39096, 4615, 12086, 34312, 47144]"
"[28985, 24838, 39877, 13176, 40545, 26604, 9076, 16185, 28204, 16908, 26047]"
"[28384, 47570, 39225, 30316, 6552, 6793, 49496, 34163, 39982, 16797, 45123, 44487, 43719]"
"[21019, 47626, 40545, 432, 39190, 41662, 45200, 30720, 8277, 33731, 30353]"
"[43631, 32497, 8859, 25783, 45619, 21240]"
"[10753, 48786, 17783, 21594, 14766, 34734]"
"[46346, 13176, 2825, 27966, 25931, 33198]"
"[45007, 10749, 47626, 41349, 29118, 21137, 43122, 36735, 17122, 49570, 36835, 27104, 46906, 26209, 14992, 8193, 21938, 37825, 18849, 2228, 34584, 42736, 40516, 43961, 14804, 40706]"
"[24259, 34160, 1875]"
"[47144, 3142, 11199, 13176, 32927]"
"[48034, 28390, 31162]"
"[27156, 29487, 13249, 20842, 37687, 12962, 47626, 27104]"
"[24852, 49328, 30696, 5947, 21386, 9486, 21903, 42450, 12341, 16556, 47244]"
"[41007, 47209, 41065, 42579, 5646, 45007, 17948, 35535, 11777, 21670, 9339, 26283, 48307, 890, 11580, 17804]"
"[24810, 39557, 13176]"
"[43789, 38266, 40708, 5578, 24964, 18902, 21616, 42585]"
"[27646, 38515, 41757, 19820, 41860, 26317, 15503, 28842, 3464, 46979, 14814, 27959, 29837, 21137, 48364, 27104, 26096, 42736]"
"[27845, 39275, 21137]"
"[2962, 13225, 40287, 38831, 32047, 14957, 22952, 39032, 36772, 17409, 42832, 28199, 15482, 26352, 25783]"
"[39984, 13984, 24964, 27104, 27521, 35166, 38650, 7781, 22035, 329, 34429, 7578, 23165, 11520]"
"[25952, 45588, 13255, 20468, 47672, 27398]"
"[21160, 29628, 48316, 36162, 22469, 43459, 47993]"
"[11069, 36550, 35815, 21295, 4605, 39619, 24852, 29952, 41540, 24184, 45007, 41950, 3952, 43768, 5652, 47626, 15613, 5989, 37158, 41990, 45543, 3740, 41149, 436, 46047, 27509, 7021, 26800, 26668, 45535]"
"[46676, 28373]"
"[24933, 3824, 24964, 47766, 42768, 34126, 8174, 34524, 48270, 21903, 4562]"
"[23734, 20378, 46305, 49323, 14147, 48705, 1160]"
"[17794, 34126, 30391, 40706]"
"[26209, 47626, 29503, 33671, 36552, 27167, 21338, 35948, 25844]"
"[10017, 26369, 18370, 21903, 19895, 37687]"
"[8230, 27156, 44479, 18465, 17794, 27521, 46667, 47541, 46206, 10234, 28939, 8424]"
"[24852, 47144, 28156, 47519, 35749, 10312, 33122, 9009, 9932, 14183, 17704]"
"[17304, 33198, 37096, 45104, 27275]"
"[34209, 4455, 18727, 45, 13517, 5764, 43789, 42445, 43643, 41870]"
"[21938, 47553, 22935, 44359, 8277, 36685, 18656, 48679, 18465, 13176, 4487, 24964, 48079]"
"[36753, 19615, 19171, 22472, 48086]"
"[38514, 14727, 48825, 37203, 33122, 13733, 39276]"
"[6873, 43076, 26882, 30463, 40545, 9390, 14947, 24009, 9076, 17183, 18288]"
"[34014, 20711, 16419, 43693, 3308, 2966, 15042, 19076, 16933, 20708, 129, 35618, 23719, 23723, 10990, 15010, 1263]"
"[27147, 18610, 6846, 12909, 6265, 19863, 28473, 37625, 6448, 7693]"
"[38689, 9020, 1025, 46802, 4269, 2063]"
"[44635, 10573, 40834, 36854, 24382, 33000, 6092, 8245, 32428, 13822, 7864, 35613, 23734, 37190, 34703, 32492, 37465, 35676, 17315]"
"[26113, 28535, 47626, 2646, 15386, 39097, 49118, 26497, 42423, 12491, 19003, 42964]"
"[26559, 35884, 30599, 210, 31506, 7644, 23594, 40396, 11446, 16020]"
"[45066, 24852, 35221, 35171, 40287, 15192, 30352, 46222, 44156, 42320, 33791, 13194, 557, 39476, 20703, 5077]"
"[2178, 33909, 28748, 9229, 2949, 20281]"
"[27961, 33466, 37963, 43530, 19088, 24852, 12140, 28993, 42633, 35199, 37115, 36162]"
"[24701, 44604, 27102, 43641, 38949, 10479, 10957, 28092, 2014, 22565]"
[3235]
"[40174, 11136, 18618, 37276]"
"[47280, 43643, 31927, 21125]"
"[49520, 27275, 47209, 43100, 8671, 36685, 32141, 4229, 36326, 49481]"
"[24852, 45066, 35221, 47766, 17316, 33290, 16797, 20119, 42450, 20590, 33508, 30183, 36545, 43867, 43986, 24934]"
"[13176, 21910, 20899, 36076, 44560, 31730, 21526, 33731, 15902, 34243, 13650, 45007, 30776, 26981, 329, 4792, 27086, 28437, 43504, 43249, 22963, 45767, 13870, 39475, 21137, 5450, 24841]"
"[22935, 10831, 28226, 44359, 35183, 17104, 5212, 42265, 45870, 24010, 27104, 36085, 36397, 40604, 44787, 36082, 45660, 12341]"
"[25844, 22559, 33957, 42941, 32857, 19348, 16997, 605, 42677, 34063, 29980]"
"[27985, 13176, 32939]"
"[30776, 45711, 3773, 44759, 23383, 24952, 5060, 32864, 41844, 35594]"
"[39871, 14971, 651, 46087, 27966, 39180]"
"[16748, 24535, 12456, 8021, 14955, 37257, 21137, 21660, 11199, 32843, 25242, 22935, 42110, 7228]"
"[36878, 47766, 5578, 48364]"
"[27966, 5456, 4354, 18465, 10528, 49683, 4920, 42828, 46979, 7419, 49095, 117, 46906, 13176, 17794]"
"[49383, 14678, 31717, 16759, 13640, 21903, 19678, 23165, 13176, 22963, 27845, 27122, 9839, 45007, 46969, 17706, 18362, 19057, 17871, 28985, 22035, 12456, 27104, 43504, 42944, 34126, 19508, 5450, 15758, 6430]"
"[45161, 45066, 11492, 35417, 45954, 8193, 17758]"
"[32478, 40199, 130, 4913, 38978, 22790, 9076, 19565, 13176, 7826, 25265]"
"[43876, 19459, 23909, 365, 7361, 40376, 42450, 33129, 49191, 44632, 26384, 46831, 22938, 12324, 34446, 261, 48205, 23583, 47209, 44142, 40492, 29487, 7286]"
"[26670, 47877, 24852, 36550, 25146, 33909, 37646, 38739, 31036, 7644, 29487, 30850, 16797, 19677, 44570, 8424, 21938, 21936, 30627, 11213, 6489, 31022, 31154, 22468, 588, 25346]"
"[27325, 37710, 14005, 27565, 8322, 34027, 48746, 2201, 19468]"
"[2663, 10246, 5818, 5025, 30960, 44570, 11662, 31248, 36086, 14645]"
"[7963, 18288, 24830, 19613, 35921, 29487, 8087, 24759, 34824, 27625, 32537, 3339, 24852, 8239, 45603, 36389, 35951, 37201, 22262]"
"[8555, 18027, 43295, 11598, 44632, 3235]"
"[5646, 37158, 44534, 38689, 43352, 40723, 8277, 22124, 4957, 35628, 33787, 6187]"
"[40969, 27778, 47626]"
"[13176, 17706, 19057, 16234, 44075, 27966, 18670, 5077, 36956, 43961, 7781, 11707, 18993, 27104, 48491, 14852, 1090, 26298, 15785]"
"[30776, 48559, 8736, 20794, 21137, 47209, 42342, 41658, 21162, 10132, 14218, 36127, 33731, 24841, 2314, 49683, 26790, 37646, 5575, 20899, 12196, 16617, 40852, 46906, 36944, 31869, 7781, 24852, 5077, 2535, 45633, 33314, 33754, 18523, 10753, 25087, 5415, 20995, 36735, 9339, 48486, 32950, 18564, 39275, 22000, 5134]"
[43409]
"[21903, 13565, 40120, 4605, 32299, 41858, 21019, 45007, 14992, 21616, 42342, 33214, 40706, 32579, 34969, 7175]"
"[22802, 42500, 196, 9358, 11365, 21137, 4920, 14161, 14001]"
"[47144, 44987, 38228, 12919, 16696, 21019]"
"[20995, 38768, 32478, 5258, 17313, 23719]"
"[24852, 4942, 15613, 27086, 10558, 49095, 5450, 40571, 30391, 40706, 38557, 23644, 45374, 44632, 48523, 12342, 18314]"
"[49683, 14218, 37687, 46979, 34466, 28985, 28934, 42265, 40706, 41364, 432, 33846, 9076, 8006, 12157, 44422, 2447, 21903, 25352, 33575]"
"[16797, 26604, 43352, 26318, 14582, 40914, 8380, 46749, 26709, 49520, 38953, 30183, 41488, 3358, 11912, 22736]"
"[24852, 37646, 16185, 22115, 5353, 47209, 19057, 9515, 48628, 25138, 33731, 34262, 27750, 31506, 3098, 47823, 27744, 16908, 44359, 22935, 38419, 40054, 13878]"
"[10418, 35206, 14298]"
"[7815, 18432, 22780, 24852, 20919, 27360, 45747, 4577, 46572, 5077, 19323, 28745, 47379]"
"[13974, 432, 24852, 28931, 30274, 14096, 32734, 47962, 29487, 27676, 27196, 9496, 15622, 28687, 5609]"
"[28204, 27307, 4781, 13424, 14211, 44672, 23293, 48133, 20114, 5077, 16508, 39214, 28745, 27801, 39041, 6184, 4658]"
"[31912, 30486, 14444, 39275, 35263, 41400, 9189, 21525, 14715, 17976]"
"[32981, 25527, 5449, 26317, 9339, 18523, 39812, 1463, 24157, 8277, 14651, 5450, 49235]"
"[28156, 7916, 22888, 36685, 5077, 21463, 39180]"
"[27845, 4472, 36717, 39180, 19261, 10199, 39040]"
"[36029, 17550, 26209, 5876, 24964, 34126, 6873, 29506, 15438]"
"[30597, 47766, 39545, 19348, 5025, 34126, 39581, 34789]"
"[24852, 47611, 2447, 36994, 18303]"
"[10245, 12212, 16953, 1006, 5077, 4565, 13755, 30661]"
"[24852, 23322, 43352, 21137, 39928, 47630, 28985, 47626, 4288, 5322, 35425, 16759, 13014, 47766, 8193, 20120, 31915, 38293]"
"[1940, 47209, 40001, 37687, 28289, 43713]"
"[26925, 17821, 9871, 12760]"
[23288]
"[47792, 21573, 42736, 27156, 347, 4137, 26209, 43961, 4097, 42242]"
[35951]
[44371]
"[49026, 27978, 33731, 9550, 18465, 17429]"
"[39275, 6735, 32429, 34050, 17616, 33950, 4447, 47366, 14705, 32691, 27429]"
"[8022, 38944, 21955, 22935, 42701, 16456, 13829, 11140]"
"[8736, 47144, 21872, 48104, 42736, 38383, 48697]"
"[46817, 264, 33548, 33791]"
"[4210, 34974, 21162, 10782, 15085, 13176, 17784, 27744, 41510]"
"[30744, 35956, 12905, 34024, 25146, 38371, 18432, 5077, 24660, 40310, 46522, 35529, 32465, 41969]"
"[24852, 35221, 30489, 5450, 47630, 39408, 43122, 46676, 3849, 29007]"
"[44375, 4138, 2113, 25670, 9580, 42327, 18148]"
"[4210, 24852, 40332]"
"[4957, 22832, 33754, 4952, 5826, 10798, 9065, 40469, 38827, 14673, 21137, 47626, 28985, 32059, 17044, 47668]"
"[14947, 41618, 39097, 38383, 8277, 45007, 35939, 24852, 43772, 27966, 34358]"
"[24799, 28465, 13263, 18606, 36550, 27663, 16773, 12381, 18444, 34217, 20119, 5539, 36332, 44292, 2344, 13457, 1450, 35512, 5449, 9092, 21413, 19503, 2435, 45613, 45123, 45645]"
"[25133, 8021]"
"[37718, 7781, 21137, 1511, 16168, 47626, 27966, 5212, 5550, 2452, 26604, 38777, 28199, 20082]"
"[31717, 26209, 24964, 47766, 29473, 46088, 2054, 4605, 39993, 2332, 26315, 38827, 10895, 25156, 23360]"
"[24852, 5479, 39877, 47766, 35824, 9020, 15872]"
"[47141, 24852, 2973, 34862, 33651, 44375, 9076]"
"[45066, 28985, 49520, 37766]"
"[12464, 41787, 46979, 38903]"
"[22035, 21137, 38827, 26648, 13774]"
"[10690, 36316, 44560, 24551, 32534, 15650, 13866]"
[42450]
"[11712, 39040, 27156, 3550, 49175, 25133, 28928, 2383]"
"[14579, 13885, 43961, 39561, 31469, 15902, 46584, 17600, 38456, 41220, 34969, 44661, 38689, 47759, 28378, 20754, 24184, 2825]"
"[32073, 3960, 31553, 48205, 16797, 45167, 19782, 19895, 29926, 15937, 2078]"
"[21616, 26369, 32429, 39877, 3390, 28985, 34448]"
"[47720, 19348, 24838, 21543, 28593, 36717, 43929, 8174, 21137, 22825, 21910, 44008, 27156, 21294, 43352, 28745, 34069, 20384, 30720, 19711, 44560, 32755, 18117, 16521, 49235, 17795, 1939, 38159, 2726, 39332]"
"[10476, 22475, 1463, 14159, 42495, 39877, 19953]"
"[2022, 10145, 26604, 46844, 23020, 47112, 13009, 33665, 4605, 31553, 40354]"
"[35085, 712, 21417, 30233]"
[42828]
"[13225, 41727, 22736, 3856, 10132, 24852, 8744, 33281]"
"[49191, 30489, 34257, 16797, 44661, 4562, 25890, 6141, 40377, 13712, 31343, 48395, 47209]"
"[10613, 5450, 44799, 29487, 15100, 40310, 8732, 19734, 31066, 29382, 30731, 31102, 28985, 23322, 24852, 21938, 9076, 14439, 2055, 15200, 30675, 34263, 31717, 2738, 27963]"
"[37959, 48287, 42265, 31066, 44683, 44419, 10385, 30489, 22367, 30133, 9755]"
"[39360, 29744, 28913, 25562, 48527, 40338, 9243, 45664, 41483, 11755, 32338, 1576, 4818, 31981, 16797]"
"[27966, 37067, 22825, 11182, 39928, 49075, 30233, 30450, 23630, 45276, 43768, 45007, 38383, 7781, 35461, 24834, 38984]"
"[46667, 19421, 48745, 31257, 14867, 42202, 17399, 878, 1057, 12341, 42945, 33986, 18105, 43086]"
"[37067, 18151, 45066, 26209, 47626, 32177, 12784, 9906, 29079, 4853, 37065, 35898, 31372, 30406, 8193, 1553, 40534, 9537, 4329, 4562]"
"[47766, 4210, 23909, 14381, 44487, 28204, 21288]"
[40477]
"[2099, 17690, 21903, 26940, 21137, 39275]"
"[14992, 44422, 45014, 22298, 8424, 46906, 19019, 42585, 47766, 13877]"
"[30440, 27845, 45866, 9755, 37646, 47766, 42341, 40063, 23181, 8424, 28278, 21709, 32792, 9210, 5020, 15261, 27735, 33731, 4605, 4796, 46979, 43961, 25407, 39121]"
"[21616, 8518, 47766, 28204, 10749, 13176, 22935, 42265, 20995, 21938, 19678, 18465, 23765, 8006, 24382, 24497]"
"[4462, 9531]"
"[23554, 21709, 45948, 24852, 35951]"
"[8803, 40688, 23423, 48733]"
"[27316, 48493, 47144, 47626, 41588, 28849, 48679, 8670, 22935, 24964, 21938, 28601]"
"[19887, 21137, 26104, 46802]"
"[3957, 7521, 35951, 15399, 39877, 42445, 24830, 34126, 21903, 18918, 3952, 3339, 12572, 34448, 18288, 47209, 19180, 13176, 21137, 27966, 10644, 37029, 22963]"
"[25890, 44514, 29439, 11954]"
"[14161, 43352, 21288]"
"[12103, 23180, 20736, 18599, 47734, 22959, 47626, 43867, 24852, 14947, 7969, 23388]"
"[41273, 48679, 45007, 45002, 44628, 25824, 41950]"
"[21281, 9840, 46838, 28498, 5421, 40897, 9755, 27694, 13627]"
"[4605, 9366, 34969, 7021, 21938, 20114, 5450, 20738, 19019, 4920, 49398, 17025, 28849, 46962]"
"[39059, 16349, 30305, 32624, 3765, 47626, 49683, 29487, 2113, 40647, 37474, 9422, 5582]"
"[5479, 34137, 45311, 18542, 4605, 9210, 4799, 12797, 30482, 29898, 9092, 47626, 13176, 26768, 23879]"
"[21019, 212, 45356, 27471, 24852]"
"[15462, 27247, 7746, 33884, 41541, 44198, 20114, 28849, 43086, 3315, 12016, 48679, 26648, 4562, 4302, 13176, 12341]"
"[3044, 17110]"
"[14793, 25464, 43772]"
"[47766, 5479, 37718, 8193, 27845, 38548]"
"[66, 43154, 42445, 17678, 49328, 36885, 1447, 7419, 13176, 29195]"
"[44632, 33198, 18564, 36076]"
"[45603, 27243, 29923, 30305, 8670, 23879, 35363, 691, 43789, 42139, 2361, 21463]"
"[31156, 37453]"
"[28430, 44142, 28659, 39512, 19468, 45190, 2450, 35221, 26620, 23594, 48181, 15895, 22358, 7969, 47305, 8536]"
"[29382, 37229, 2084, 34362, 39132, 30752, 27325, 196, 17615, 29529, 37040, 47877, 44525, 4972, 12679]"
"[20561, 43772, 48206, 20929, 47789, 21573, 16213, 43925, 43329, 19051]"
"[12562, 41362, 43889, 19348, 2408, 41238]"
"[16185, 34262, 27845, 44661, 38003, 35065, 9018, 3055, 24447]"
"[37464, 8021, 3717, 28458, 24852, 7953, 42450, 34584]"
"[19660, 38300, 30214, 23662, 23288]"
"[28593, 4932, 38223, 42345, 15178, 857, 20015, 3951, 26346, 47766, 21903, 40706, 47907, 28421, 32211, 12432, 39861, 44025, 21872, 40723, 49098, 15795]"
"[13128, 7293, 43768, 10749]"
"[15541, 13176, 11759, 8843]"
"[24852, 26209, 14218, 45066, 2295, 24184, 15290, 34262, 27966, 6631, 4920, 35108, 22281, 47209, 3344, 46260, 31717, 46962, 38383, 19508, 7781, 10132, 20574]"
"[24852, 23909, 15902, 46676, 13870, 31717, 20114, 25890, 43143, 23734, 44449, 5818, 23516, 41570, 31683, 23645, 14335, 31997, 8670, 19125]"
"[9100, 6184, 196, 46149, 35470, 45051]"
"[16797, 21903, 17794, 38400, 29487, 39558, 45007, 260, 26604, 22888, 46654, 33443]"
"[432, 47626, 47766, 30489, 38383, 18594, 28851, 21903, 13852, 5652, 18027, 11250, 35547, 49383, 44422, 2295]"
"[43394, 5212, 23532, 29691, 44786, 15153, 36746]"
"[8859, 47990, 35752, 40411, 5450, 43961, 23909, 47788, 28204, 24852, 30921, 42719, 45840, 6182, 27903, 32650, 42500, 21137, 9076, 39928, 27020, 38777, 23322, 3999, 27415, 2975, 24184, 2295]"
"[5258, 10441]"
"[21553, 28204, 11874, 39475]"
"[204, 26283, 10749, 43961, 21019, 46990, 31717, 13176, 47209, 5876, 47144, 36550]"
"[43248, 1689, 13378]"
"[16309, 15424, 30062, 37751, 40287, 21376, 14104, 45832, 26171, 28571, 1287, 38703, 32202, 26055]"
"[35383, 34389, 35762, 12914, 24852, 11874, 36214, 44799, 34986, 37266, 38768, 44683, 7723, 42633, 3570, 45005, 30645, 41787, 19691, 38028, 26283, 17903, 19495]"
"[1633, 4421, 17600, 13176, 21616, 47766]"
"[16797, 37766, 25630, 31663, 42536, 24670, 12392, 46676, 20842]"
"[32156, 33548, 33791, 30696, 7999, 46052, 43409, 21240, 7781]"
"[24852, 13702, 23148, 6300, 25965, 40258, 11865, 24631]"
"[12232, 4795, 32773, 1405, 11252]"
"[275, 44325, 24097, 10944, 18358, 22909]"
"[27796, 49447]"
"[46676, 24852, 21137, 19611, 46321, 32052, 30489]"
"[45066, 20842, 16797, 26723, 44359, 31717, 20114, 24964, 45007, 6291, 13629, 36070, 47626, 46667, 46979]"
"[26209, 21137, 2781, 33731, 36070, 21616, 27156, 41588, 2663, 13517, 3376, 49628]"
"[44292, 36616, 15613, 36618, 34080, 23198, 389, 34969, 5077, 47766, 23178, 4562, 5258, 5552, 44533]"
"[24852, 36011, 27845, 30233, 39475, 46979]"
"[6729, 13575, 6184, 26348, 196, 13176, 38775, 46065, 36472]"
"[35887, 38141, 32989, 10036, 34217, 15398, 43122, 39928, 41319, 47209, 24852, 20754, 40198, 46886, 31215, 34993]"
"[31764, 1875, 7930, 41360]"
"[21903, 23082, 24852, 16797, 49615, 15324, 44368, 45453, 4647, 30960, 25854, 11361, 30307, 15780, 26348, 256]"
"[24838, 31717, 46979, 47766, 17794, 41220, 32655, 19508, 5456, 8518, 1463, 5876, 21903, 8075]"
"[907, 16283, 22178, 5068]"
"[36011, 24852, 22298, 22935, 17794, 48745, 8518, 45007, 5373, 44987, 39877, 46906, 19348, 41570, 19895, 37524, 10451, 27845, 18465, 7948, 23554, 47630, 8087]"
"[13176, 4149, 21137, 22802]"
"[28465, 24799, 16083, 45007, 45066]"
"[41131, 34433, 24852, 44799, 432, 34449, 48507, 28766, 28204, 2425, 10690, 6075]"
"[27845, 27325, 5764, 43545, 14711]"
"[12341, 6740, 13176, 25005, 329, 34126, 48745, 42768, 22935]"
"[8467, 16262, 28058, 39275, 27966, 4593, 33000, 11520, 5876, 11069, 40604, 27881, 37029]"
"[25093, 17819]"
"[6396, 2164, 31766, 5970, 36618, 46820, 12743, 14399, 34254, 27288, 14420, 12481, 35665, 13255, 26489, 11636]"
"[14805, 32369, 27966, 39275, 1736]"
"[38777, 37646, 30480, 21195, 5077, 31471, 8174, 21985, 20380, 43875, 3020, 29898, 30391, 27845, 44765, 28322, 24561, 10749, 39812, 35725]"
"[24852, 10527, 9076, 6128, 35430, 46515, 18218, 33909, 12140, 25288, 16376, 26250, 4317, 32939, 45566, 48532, 26459, 19514]"
"[31808, 24852, 28842, 45066, 26709, 39993, 44142, 28515, 32915, 45961, 41259, 14154, 6846, 10521, 28083]"
"[4210, 6631, 6128, 23450, 11154, 25570, 3044, 26193, 35406, 6404]"
"[6985, 21903, 37524, 34243, 4605, 23734]"
"[22025, 31927, 48733, 22035, 6104, 7054, 15143, 16797, 24852, 47912, 35887, 23236, 20995, 1158, 39993]"
"[21386, 14010, 21137, 26604, 2272, 33290, 37647]"
"[34012, 47672, 21903, 46226, 43340, 25811, 40589, 2426, 7963, 35182, 40516, 34262, 22947, 42243, 34893, 13176, 25589, 27845, 19180]"
"[23165, 40708, 8670, 17804, 42469, 11520, 24184, 34969]"
"[46654, 47672]"
"[43713, 28590, 13176, 27845, 22035, 21137, 23044, 25949, 29544, 23025, 7051, 12820, 23060, 22210, 6891, 47719, 35887, 30013, 2611, 5670, 26604, 22825, 5212]"
"[8637, 6846]"
"[13249, 47766, 28985, 21903, 16185, 25890, 48679, 21543]"
"[32655, 38827, 21841, 4288, 39055]"
"[30635, 36481, 18542, 7286, 13176, 39877, 21903, 21137, 42265, 47144, 5616]"
"[31623, 15028, 20520, 24852, 7503, 28842]"
"[39432, 40105, 45478, 13514, 37966]"
"[10112, 39427, 20810, 2326, 40986, 8818, 13541, 44596, 33722, 39121, 1970, 20226, 37233, 35417, 24852, 22035, 16797, 9076, 29594, 47630, 39877, 10246, 49683, 43961, 48595, 3447]"
"[13176, 13575, 46677, 21292, 42265, 10498]"
"[24852, 38739, 49683, 7503, 35140, 11520, 31553, 24964, 18880, 22224]"
"[40545, 9076, 37311, 37019, 46145, 3040]"
[20940]
"[19842, 13926, 33508, 23734, 24780, 19305, 21292, 35793, 18204, 38782, 33967, 18900, 47476, 23064, 24852, 46719, 19643, 23979, 34050]"
"[17258, 15685, 44497, 20699, 46616, 38936, 40882, 13179, 16605, 21679, 25070, 22771, 7489, 32650]"
[31759]
"[32079, 32403]"
"[22935, 18095, 5449, 49374, 33143, 18410, 14947, 22008, 5876, 24964, 6228, 20383, 31717, 29840, 41149, 9047, 10540, 12409, 45869]"
"[47626, 20096, 4078, 30021, 28219, 40319, 46945]"
"[11520, 47766, 24852, 24838, 43295, 25890, 34969, 23565, 24235, 49683, 8025, 28781, 22827, 21903, 44632]"
"[1695, 9098, 42475, 41238, 12493, 2180, 37917]"
"[42383, 21709, 38310, 40174, 25093, 41658, 10814]"
"[1398, 36316, 15424, 3499, 49198, 5708, 14087, 21122, 33198, 30958, 714, 34487]"
"[44787, 13147, 36256, 22825, 30489, 30391, 40706, 42265, 21616, 36522]"
"[3952, 21903, 40706, 5450, 49, 18362, 48679, 8239, 28289, 28597]"
"[17960, 6366, 32650, 15200, 41665, 49279, 33894, 33357, 4306, 35921, 6274, 24830, 27156, 31618, 7469]"
"[45335, 11304, 29984, 24852, 3618, 31426, 32573, 48762, 41722, 32360, 40553, 11065, 3207, 8908, 11983, 30668, 40310]"
"[16185, 432, 40593, 4799, 10243, 31528, 16823, 23165, 1308, 11068]"
"[43692, 12078, 20940]"
"[41483, 8571, 10371, 10473, 13575, 33783, 39544, 8803]"
"[46088, 30036]"
"[21903, 9210, 33352, 47626, 34358, 45582, 46979, 38400, 47209, 23375, 38997, 21616, 34356, 43014, 15937, 8518, 42625, 29138]"
"[23363, 5910, 43076, 22849, 13022, 27388, 38028, 26250, 15290]"
"[47672, 47439, 38689, 9472, 37067, 47209, 16759, 48628, 21938, 49533, 44422, 46095, 28928]"
"[11526, 41588, 5025, 5818]"
"[22046, 8571, 43739, 33147, 21769]"
"[24852, 40939, 43635, 6108, 1463, 49235, 22882, 611, 33909, 6656, 32684, 27336, 19915, 31040, 36695, 763]"
"[17638, 45603, 20947, 48559, 34243, 4461, 40448, 36287, 37067, 4920, 19691, 35306, 35724, 36267, 22475, 9862, 46979, 47334]"
"[42411, 40646, 49247, 14233, 17721, 27663, 25630]"
"[13984, 3407, 15359, 27243, 23592, 16797, 3619, 12875, 5011, 15404, 43789, 9294, 26280, 31210, 23341, 27428, 16782, 48226, 16696, 37940, 6631]"
"[36180, 1598, 49175]"
"[22963, 39275, 27966, 42458, 14446, 5015]"
"[23362, 19449, 28465, 4799, 21417, 25146, 28204, 41149, 44987, 14852, 31766]"
"[46572, 14726, 21137, 33787, 44801, 19057, 27104, 5785, 4595, 37449, 5385, 3856, 44359, 14467, 31525]"
"[37777, 19808]"
"[12320, 5077, 29447, 38164, 39276, 32655, 43394, 49638, 3007, 19677, 17840, 42891, 47209, 38984, 14901, 13870, 36697, 5603, 8251]"
"[9421, 37956, 13679, 12879, 23541, 39891, 25266, 659, 27344, 23351, 33819, 48682, 24123, 44904, 45529, 40144, 47226, 33837, 23929, 11679, 27958]"
"[8021, 32734, 21903, 20656, 29987, 41844, 8791]"
"[196, 13176, 7987, 14966, 17243, 31651, 11759, 35561, 18615, 12427]"
"[36389, 18465]"
"[36082, 15902, 5450, 39877, 5785, 26324, 27966, 6631, 13176, 48395, 25824, 15011, 43352, 43692, 9595, 47629, 41699, 24841, 16797, 46906, 25340, 24964, 20114, 36621, 41844, 2450, 24799, 43662, 36865]"
"[34915, 31701]"
"[10070, 30233, 13176, 21137, 27966, 43122, 36606, 32573, 18880, 32579, 365, 10673, 2536, 25138, 43121, 47759, 15416, 28412, 34126, 34450, 23165, 5240, 27156, 10819, 25931, 38777, 47209]"
"[34939, 18079]"
"[24273, 8638, 27316, 20086, 27203, 39212, 2297, 13173, 14576, 13249, 5077, 15178, 37547, 40310]"
"[24852, 25804, 34027, 5077, 40261, 6155, 37940, 13772, 3231, 39027, 6340, 43183, 25613]"
"[13176, 26283, 5450]"
"[47209, 21137, 27966, 28199, 37646, 28204, 46906, 37067, 3599, 39561, 30489, 33736, 42265, 39877, 21903, 49075]"
"[18382, 24852, 30233, 23102, 25199, 13702, 30169, 11140, 34969, 27811, 8192, 30391, 3585, 27959, 29370, 39621]"
[27398]
"[3957, 13176, 11688, 23579, 15566, 17795, 42768, 17948, 24489, 5134, 18761, 47209, 23854, 27531]"
"[24852, 47766, 43889, 24631, 16797, 39527, 14633, 38274, 25852]"
"[21532, 3044, 36106, 39368, 34807, 15359, 20504, 46522, 44325]"
"[38028, 11201, 16797, 26709, 33065, 39758, 42460, 37923, 14875, 33362, 27020, 36425, 29751, 11777, 46844, 2416]"
"[17300, 24184, 21938, 30391, 32478, 36961, 41007]"
"[19505, 21789, 429, 2295, 2029, 45064, 40167, 8115, 12797, 30827, 30696]"
"[24838, 35127, 36696, 44632, 21709, 35871, 27093, 30607, 1819, 18362]"
"[29363, 26038, 34766, 10133]"
"[39877, 24852, 47766, 45578, 35951]"
"[31717, 16797, 17758, 40198, 4889, 37788, 11945, 11437]"
[5450]
"[33198, 37022, 13176, 5479, 21405, 11849, 48682, 26298, 6210, 32224, 10960, 25588, 24671, 46667, 38739, 35535, 43789, 39812, 43735, 32177, 37646, 38159, 29668, 2397, 6035, 20842, 27925, 31766, 15123, 39332, 24236, 16589, 25504, 6013, 38480, 17847]"
"[39046, 34531, 10616, 11215, 24053, 27189, 24852, 43845, 28204]"
"[43789, 46720, 5428, 15202, 47626, 42475, 6383, 25489, 17545]"
"[8567, 9955, 22142, 30463, 17794, 34466, 26209, 29079, 22935, 21872]"
[22031]
"[24852, 29387, 27344, 28733, 21137, 8424, 46906, 5491, 11212, 42265, 6361]"
"[6758, 8571, 8048, 12341, 16974, 16797, 42504, 13176, 6184, 6615, 44683, 15541, 32689]"
"[24852, 4920, 47766, 15902, 5120, 27845, 45066, 14218, 41787, 2770, 27690, 24184, 18441, 42356, 21513, 21903, 25340, 47788]"
"[24852, 24838, 5564, 29797, 19048, 10246, 22827, 41220, 27521, 4605, 8518, 24964, 34969, 11182]"
"[45279, 32566, 49235, 24852, 37646]"
"[39040, 25659, 26209, 48123, 3028, 27695, 18479, 15200, 36322, 12899, 21137, 49248, 46979, 5652, 188, 9422, 29265]"
"[46584, 2014, 39160, 2581, 26790, 2578, 45066]"
"[35670, 27104, 5539, 19057]"
"[29509, 45687]"
"[45676, 47977, 49520, 5258, 22218, 5077, 31343, 45810, 13536, 38533, 25570, 47792, 26298, 20109, 13802, 32338, 48431, 34305, 35871, 28199, 1215, 12462, 37249, 42300, 15263, 41844, 994, 36810, 28386, 31043, 8559, 36046, 34456]"
"[16445, 429, 31553, 5818, 26172, 47382, 9092, 40516]"
"[13176, 21288, 43352, 12341, 8048, 26104, 11759, 2433, 30777, 21292, 30720]"
"[27521, 21137, 21938, 4605, 12419, 24964, 30489, 5438, 23881, 34584, 40545, 4890, 17830, 45014, 5373, 45535, 49533, 27171, 27845, 49235, 18531, 36253]"
"[20049, 49235, 47209, 10476, 39877, 43295, 48679]"
"[273, 43122, 25371, 43295, 20406, 7503]"
"[39877, 47630, 21903, 5646, 21616, 43647]"
"[16797, 39408, 20148, 24852, 42972, 10106, 10369, 21903, 47042, 36923, 10385]"
[17172]
"[47766, 30391]"
"[44632, 33198, 26620, 22793, 261, 42450, 9124, 28985, 21903, 5785, 17872, 46802, 44293, 9076, 7503, 24184, 34668, 29112, 45582, 13870, 46799]"
"[21011, 44632, 41488, 27323, 4966, 24759, 26209, 10498]"
"[47209, 13176, 47792, 8467, 11933, 48190]"
"[5025, 40338, 17008, 5713]"
"[13609, 41570, 10644, 46802, 40545, 30489, 34969, 21903, 16759, 46979, 47766, 9020, 22504, 46667, 6473, 28330]"
"[39108, 5785, 11712, 44866, 45446, 44932, 13176, 4799, 35946]"
"[12341, 37687, 21903, 8048]"
"[46979, 34358, 38693, 4796, 42585, 7673, 8424, 15673, 42768, 47766, 18727, 26668, 41682, 14781, 21903, 13733, 8193, 43129, 23854, 41950]"
"[10690, 36316, 47977, 34160, 43154, 4493, 17080, 15902, 34660, 19846, 48667, 21206]"
"[47388, 21137, 24852, 14874, 7676, 44116, 25715, 30830, 45007, 46072]"
"[26165, 10895, 47209, 1540, 20114, 2295, 1244, 38293, 23734, 23594, 44737, 20866]"
"[35336, 4920, 13176, 8571, 16797, 10473, 35561, 13914, 37710, 13032, 13042, 43352, 1, 8013, 27796, 3798, 11759]"
"[29553, 9626, 16349, 4920, 13176, 46676, 9932, 43629, 4174, 14197, 2519, 23909, 13237, 17160, 38608]"
"[13176, 30720, 28204, 42265, 2781, 42028, 3094, 36149, 34, 26604, 8174, 45578, 46820, 43889, 32030, 2086, 36724, 21614, 28358, 20316, 10305, 21137, 27966]"
"[36029, 31893, 14542, 22828, 17550, 11494, 42741, 40002, 16965, 34262, 25330, 996, 29374, 15700, 9816]"
"[39332, 4724, 11759, 43352, 29223, 21903, 47788]"
"[24852, 45066, 7781, 5077, 42900, 21376, 28242, 37284, 11123, 31231, 29103, 6799, 19068, 38374, 33043, 13646, 42356, 40078, 49232, 36772, 5194, 13740, 18557]"
"[15976, 11281, 274, 24053, 32573, 9458, 1671]"
"[21463, 31893, 16797, 5451, 6598]"
"[40706, 32864, 12614, 39275, 35951, 38562, 24964, 28999, 26209, 4605, 8518, 34513, 48679, 17461, 21938, 47766, 44359, 41259, 11136, 8414, 44698, 24838, 5250, 26629, 11688, 22227, 33716, 12858, 29142, 10904, 25659, 41787, 4945, 21687, 21903, 45007, 34126]"
"[38775, 6184]"
"[14924, 47626, 14947, 3599, 5212, 23579, 14378, 20788, 4367, 43340, 8865]"
"[26405, 13176, 280]"
"[16965, 26209, 4367, 21903, 35221, 49191]"
"[13176, 35921, 18814, 26914, 165, 43908, 15764, 44396]"
"[21903, 47209, 34969, 24964, 20017]"
[9387]
"[40723, 46138, 21463, 43014, 21903, 48720]"
"[38433, 45619, 25783, 21240]"
"[43154, 36107, 35221, 12902]"
"[33731, 1215, 28020, 38777, 31343, 781, 29987, 13176, 20142, 33467, 47626, 12125, 49191, 39427, 26604, 21137, 42265, 49044, 5550, 18176, 37718, 45066]"
"[47824, 26172, 1500, 23204, 45458, 14346, 24852, 42460, 33090, 28174, 37565, 45657, 16696, 45954, 15087, 16323, 48022, 8848, 6046, 29166, 39275, 21288, 16797]"
"[21386, 12448]"
[13176]
"[14127, 27086, 33198]"
"[46979, 5539, 8021, 17795]"
"[2635, 49683, 11512, 41259, 26209, 20114, 46667, 33000, 8518, 25093, 43772, 16797, 42356, 35176, 40396]"
"[47766, 21903, 24764, 3874, 41860, 19862, 45007, 24852, 49683, 2664]"
"[432, 49610, 45005]"
"[37646, 27966, 33787, 42265, 21137, 44560, 1935, 10246, 47766, 40706, 39275, 3464, 44449, 39216, 43504, 35000]"
"[22963, 46979, 9405, 8424, 21903, 47591, 28199, 29487]"
"[39276, 4210, 27086, 25190, 8726]"
"[26242, 45007, 2295, 24184, 34126, 3957, 47626, 36928, 31869, 28601, 29487, 14355]"
"[35782, 4329, 25640, 39921, 24499, 6760]"
"[28373, 24852, 35921, 27845, 39475, 21137, 22035, 47766, 48823]"
"[42500, 11292]"
"[4966, 27941, 13145, 30759, 24852, 5818, 16419, 9755, 20378, 21573, 5314, 21376, 47626, 48871, 44819, 37250]"
"[18465, 7156, 39619, 44449, 13984, 890, 27086, 4692, 21137]"
"[35628, 7781, 44765, 35762, 1310, 31564]"
"[44683, 11046, 24852, 37646, 8424, 32655, 29987, 37053, 3464]"
"[4799, 47209, 44142, 33788, 694, 5612, 21614, 9366, 31343, 24253, 18594, 38288, 35108, 40706, 35535, 15290, 28199, 5746, 49683, 274, 49071, 26255, 21616, 35221]"
"[32650, 31500, 2856, 9837, 48933, 48131, 28687, 31066]"
"[26209, 28555, 22312, 28842, 39066, 9076, 405, 26369, 48364, 6061, 49533]"
"[11759, 17207, 37317, 35336, 42282, 23662]"
"[31717, 32267, 13363, 29127, 27521, 27336, 44359, 20114, 43713, 2078]"
"[35951, 18918, 14678, 13409, 19875, 12395, 8424, 18557, 21195, 13829, 18811, 40725, 39619, 28278, 14633, 34448, 24852, 27156]"
"[48348, 33351, 9076, 12302, 8382]"
"[30233, 7308, 39097, 23233, 45007, 21137, 6222, 33572, 20385, 365, 45999, 30290, 44359]"
"[1217, 43565, 5077, 32330, 33439, 13526, 11075, 18762]"
"[14408, 33452]"
"[3142, 24852, 22089, 11068, 3269, 35108, 28849, 25890, 47029]"
[24852]
[23375]
"[48270, 9913]"
"[5258, 32689, 5769]"
"[10106, 49131, 21830, 14804]"
"[24852, 34249, 44765, 27845, 12872, 11168]"
"[26429, 4605, 24307, 34969, 246, 37215, 24852, 28931, 47626, 32915, 47800, 39041, 39297, 18813, 11827, 3989, 13544, 33464, 33664]"
"[44733, 3039, 10892, 23341, 7116, 14124, 20828, 27196, 3880, 26520, 6201, 38185, 11492, 28993, 46842, 28031]"
[5479]
"[17872, 25170, 17545, 39647, 40593, 26620, 45622, 27903, 48672, 24852, 260, 7860]"
"[5484, 18382, 33527, 38656, 248, 5194, 12023, 30489, 10899, 18811, 25577, 33043, 18441, 39275, 11777, 11669]"
"[44910, 30589, 5025, 16793, 31477]"
"[48871, 28990, 13909, 27830, 41319]"
"[3389, 35221, 44142, 43768, 21938, 24184, 24303]"
"[42768, 30463, 31444, 12797, 30233, 28527, 1063]"
"[28289, 21903, 24184, 4605, 34358, 11580, 45535, 47626, 884, 8424, 2786, 12246, 35732]"
"[5077, 46332, 45765, 47392, 29112, 14168, 19389, 49279, 26751, 45664, 673, 34229, 12285, 41178, 13536, 43076]"
"[13176, 14947, 21137, 19311, 11520, 20015, 11777, 27509, 26032, 23634, 19173, 17429, 31970, 38205, 13452, 35939, 39337, 8339, 21841]"
"[26165, 45223, 17872, 40999, 6288, 11520, 42736, 28986, 28745, 7559, 43294, 13431]"
"[8710, 9203, 11619, 17668, 19322, 21903, 1408, 47626, 44359, 7963, 40604, 8518, 13988, 47969, 30898]"
"[37053, 18388, 20740, 17202, 24852, 7515, 31478, 44449, 12673, 28720, 671, 34969, 27521, 5068, 21267, 48190, 48595, 21417, 49114, 18567]"
"[21137, 17477]"
"[24852, 36039, 432, 46206, 47630, 35734, 35221, 21903, 47626, 5373, 8518, 46505, 11224, 8710, 37141, 27966, 21137]"
"[17725, 47209, 49131, 11777, 30489, 16797, 42265, 44359, 3599, 781, 45747, 35221, 20119, 26620, 44632, 43087, 41177, 48056, 2962]"
"[31506, 21906, 48927, 34234, 4210]"
"[7781, 25931, 34969, 21174, 24799, 30563]"
"[35395, 12341, 32478]"
"[47943, 8277, 7381, 36646, 33642, 10814, 16757, 35688, 13668, 33043, 1336, 47601, 31701, 21195, 36793, 32864, 47209, 21137, 36342]"
"[10957, 25745, 27356, 25952, 19151, 12909, 11748]"
"[35045, 277, 40600, 41591, 11047, 27196, 29529, 43488, 40285, 19701]"
"[424, 23102, 36180, 20114, 21513, 36070, 10492, 43205, 42495, 43530, 19173, 28307, 37653, 47111, 7058, 46820]"
"[37162, 44230]"
"[25472, 27966, 3957, 39275, 22035, 48679, 46650, 23879, 37646]"
"[12427, 38440, 46521, 49243, 39408, 5161]"
"[26369, 41806, 11712, 13176, 34230, 28985, 46979, 17795, 49175, 27156, 27392, 35951, 27172, 21137, 22395, 3896, 18594, 4809, 27966, 26604, 18918, 45646, 39619, 30391, 12341]"
"[32566, 10478, 35473, 42887, 1546, 3873, 47785, 13176, 3061, 49173, 5488, 19057, 30391, 47626, 46667, 31717, 34126, 13984, 39041, 26497, 18234, 43474, 36307]"
"[24830, 48455, 4367, 49325]"
"[25783, 2469, 26312, 13423, 48966, 12508, 31981, 169, 48171, 33000, 15613, 8184, 34092, 44323, 28560, 38726, 19461, 9394, 20378, 5436, 44590, 8451, 33184, 20468, 5819, 26882, 38154, 28900, 21011]"
"[15872, 49383, 17400, 35921, 39619, 8670, 39993, 14897, 25126, 2180]"
"[12919, 12513, 14901, 15483, 7538, 3526, 4895, 24996, 29020, 13176, 24389, 9912, 33065]"
"[22640, 5876, 21709, 44632, 47209, 8277, 37766, 13176, 48104, 5077, 46802, 14399, 4920, 19508, 27845, 11182, 30949, 27104, 21137, 34126, 31717, 48679, 28985, 30720]"
"[24852, 14989, 4605, 47626, 16973, 41364, 11136, 46393, 5939, 38916, 44422]"
"[35886, 10326]"
"[24964, 5876, 21903, 17313, 38383, 9839, 48679, 46505]"
"[12341, 7058, 8518, 22935, 7010, 5428]"
"[40672, 12630, 28647, 26308, 30042, 2120, 13226]"
"[7175, 14947, 28601, 31727, 24964, 48383, 25552, 22260, 3280, 22142, 41570, 13176, 31915, 12409]"
"[27241, 31181, 38573, 34423, 29817, 21195, 15576]"
"[16823, 45646, 1025, 34126, 1463]"
"[24852, 31981, 5460, 23915, 6422, 41371, 22419, 30406, 23108, 13966, 35383, 47141]"
"[24024, 27730, 5876, 8174]"
"[26369, 10504, 27243, 23516, 2314, 45774, 33543, 43654]"
"[40141, 4288, 7622, 24372, 16131]"
"[49520, 13740, 30696, 18709, 28682, 48739, 12657, 24816, 35909, 33651, 12743, 15924, 19840, 9376]"
"[30450, 21137, 24852, 10831, 14947, 39408, 33731, 31343]"
[35140]
"[23001, 8424, 34358, 35221, 49191, 44632]"
[12078]
"[27845, 44632, 12276]"
[5459]
"[32177, 26209, 26790, 1090, 4210, 44090, 8277, 5450, 21009, 33000, 16797, 17957, 41570, 12419, 41544, 33043]"
"[37067, 10749, 39430, 33754, 12745, 21137, 8174, 42139, 22963, 47209]"
"[26940, 18168, 30720, 42548, 15261, 47626, 38090, 42625, 8850, 39408, 2180]"
"[13176, 21137, 31292, 48058, 47209, 37646, 8174, 1194]"
"[8174, 13176, 37065, 42342, 37464]"
"[26790, 43642, 2489, 42959, 27941, 29034, 5586, 40332]"
"[20915, 24701, 7026, 41821]"
"[46413, 20507, 25101, 36638, 26017, 1158, 20114, 15801, 14858, 23646, 44514, 45007, 18818, 21903, 3932]"
"[5384, 22275, 40174, 20955]"
"[4731, 19691, 16797, 39281, 4724, 16283, 39534, 22128, 5962, 32478, 33043, 25281]"
"[24810, 16797, 10212, 9517, 4274, 9299, 42828, 20345, 5322, 25890, 46720, 30489, 21278, 44359]"
[47348]
"[16797, 21386]"
"[46676, 46485, 26369, 18221, 43122, 5212, 35522]"
"[13176, 47766, 23909, 21137, 44910, 30391, 4410, 27663]"
"[14283, 24759, 48290, 38944, 39491, 23687, 5666, 4002, 12462, 5670, 8920, 31847, 10669, 19575, 25108, 30121, 8193, 47626, 44233, 41674, 9708, 31499, 33438, 44142, 40897]"
"[876, 12010, 39348, 8193, 43129, 23165, 5025, 17794, 13176, 4945, 21137, 41588, 8025, 17905]"
"[21267, 21137, 18487, 17170, 14732, 7021, 25659, 31717, 1540, 47766, 41149, 31506, 15115, 30169, 40706, 47626, 41055]"
"[38444, 11292, 15354, 7881, 25309, 25146, 41844, 12013, 19863, 24852]"
"[19660, 8394, 16249, 892, 45106, 16505, 13535, 46616, 38750, 13380]"
"[8104, 28757, 16625, 43488, 8475]"
"[15146, 6585, 4429, 20039, 22935, 12193, 14867, 48679, 8277, 46990, 43504, 9594, 37067, 48287]"
"[24852, 37646, 19677, 19446, 38273, 24184, 45007, 21938, 18288, 45445, 11123, 47630, 28985, 28849, 4920, 17284]"
[17915]
"[13176, 47766, 27845, 16797, 49683, 19019]"
"[43450, 37696]"
"[21527, 1577, 25138, 5258, 11707, 43310, 45448, 20754, 21875, 30639, 26504, 17948]"
"[25407, 37637, 12260, 29345, 25533, 7175, 13838, 9327, 10504, 47209, 10749, 7969]"
"[34216, 23192, 38622, 39877]"
"[717, 15341, 20244, 33916, 6550, 16625, 2996]"
"[49683, 24852, 21903, 34262, 38689, 16759, 42300, 8277, 7952, 17600, 26914, 22035, 12039, 14462, 38293, 4421, 3142, 42828, 35004]"
"[38357, 23630, 19057, 21903, 13077, 33000, 15613, 7948, 651, 2078, 48628, 28985, 27104, 6873, 42701, 17794, 44359, 22935, 45007, 32655, 20899]"
"[42585, 14947, 8467, 21137, 21526, 46064, 38689, 47626, 24852, 45007, 44514]"
"[44562, 10840, 48335, 34380, 47990, 19821, 24852, 33716, 26629, 24109, 19734, 23716, 4447, 26348, 4297, 14645, 48173, 26193, 34862]"
"[44631, 39199, 30334, 7303, 30567, 27845, 18161, 1998, 30233, 6656, 37774, 31027, 44329, 46979, 24184, 40706, 34126]"
"[6481, 48903, 47144, 3765, 25804, 19145, 46842, 17341, 29095, 17754, 47114, 17041, 6155, 21709, 49191, 21349, 30106, 39649, 45622, 49605, 16897, 41557, 40772]"
"[20468, 44245, 32519, 12481, 11577, 9996, 2519]"
"[13496, 20794, 7177, 13304, 19049, 2658, 44014]"
"[13176, 37646, 36574, 19443, 26223, 37675, 25805, 26968, 49235, 44632, 21709, 26620]"
"[12427, 41400, 13914, 46061, 40199]"
"[49381, 48205, 41065, 35923, 31573, 38433, 45408, 16464, 28993, 46479]"
"[27845, 1194, 21137, 43086, 36717, 557, 37067, 24759, 10132]"
"[27845, 32655, 31618, 14467, 47672, 34262, 21903, 1577, 35050, 12060, 33768, 2450, 1804, 48857, 30639, 17794, 10246, 39467]"
"[21137, 39275, 46266, 12341, 4724]"
"[9405, 22015, 47516, 13129, 38390, 5710, 9192, 1157, 3191, 256]"
"[24838, 29662, 2763, 10753, 24489]"
"[34126, 24964, 42421, 28985, 20995, 46676, 28785]"
"[36839, 12183, 34234, 21050, 5746, 4210, 6473]"
"[196, 38768, 8048, 43352, 21137, 21292, 21288, 30720, 8571, 21903]"
"[21512, 31040]"
"[11776, 1710, 34448]"
"[18140, 13176, 5077, 28797, 37688, 49235, 10121, 45007, 11930, 45013, 1890]"
"[5450, 20899, 48287, 47900, 40706, 11422, 34262, 25146, 10673, 12069, 49098, 8955, 10761, 32465]"
"[39180, 25146, 12745, 33037, 31506, 42342, 17044, 47209]"
"[33719, 35951, 42903, 12384, 37067, 1749, 9666]"
"[13176, 27966, 21137, 8174, 44750, 39928, 28842, 17757, 46667, 21903, 30391, 27521, 25138, 27845, 41177, 5194, 31040, 7228, 23178, 20015, 6348, 21267, 45392]"
"[23747, 18963, 10432, 10616, 8028, 20250, 12706, 27356, 25952, 25483, 47356, 14446, 8494, 31966, 46228]"
"[14233, 6182]"
"[45584, 15396, 18926, 47087, 24852, 6985, 35108, 424, 32486, 5818]"
"[38278, 17634, 44640, 20520, 546, 40705, 4132, 41259, 26395, 47209, 46692, 16589, 30169, 12564, 45582, 22447, 45795, 15851, 29387, 8025, 48287, 34466, 25544, 4605, 26209, 11755, 45258, 40319, 28842, 24852, 14147, 36934, 429, 25930, 32933]"
"[2596, 46138, 28289, 24184, 28535, 45723, 47209, 33352, 48679]"
"[4462, 20794, 37890, 11352, 42404, 35887, 32864, 21616, 27521, 21137, 8277, 7088, 22935, 890, 25890, 22883, 18362]"
"[40541, 40723, 47766, 31215, 36685, 41658, 8518, 24964, 8424, 34126, 40604, 42134, 43735, 4920]"
"[27966, 10831, 32429, 36039, 13176, 329, 5015]"
"[9623, 19691, 25146, 23909, 17919, 4889, 43263, 35063]"
"[21543, 781, 43654, 17225, 7417]"
"[536, 1940, 14999, 5818, 37646, 23915, 34854, 26769, 45832, 24701, 43131, 47617, 43183, 28299, 43565, 22740, 36316, 44097, 4721, 24852, 5077, 38279, 19660, 15860, 27246]"
"[21150, 24799, 17948, 45104, 42450, 46082, 42241, 37220, 33043, 1215, 47616, 29142, 5025, 6615, 17872, 10761, 49131, 2596, 31663, 39561]"
"[32478, 16797, 22888, 47766, 15386, 4957, 28842, 44142, 24759, 43789, 15261, 34126, 34466, 21037, 25659, 7021, 27104, 41787, 39984, 41165, 6489, 14651, 24964]"
[29034]
"[18352, 5450, 24852, 40469, 46802, 40545, 40706, 49610, 38293, 37193, 39121]"
"[48230, 11424, 8671, 46045, 35690]"
"[432, 9390, 6651, 46802]"
"[16816, 24703]"
"[196, 46149]"
"[42244, 16797, 37067, 40706, 39275, 21137, 13198]"
"[17794, 44359, 30480, 48697, 47209, 42768, 28785, 24810, 43961, 31964, 20119, 35221, 37866]"
[8277]
"[9432, 42677, 41178, 43129, 49676, 17872, 16997, 54, 45664, 4649]"
"[30480, 10032]"
"[30881, 16759, 46591, 28204, 43154, 47766]"
"[7256, 15134, 2513, 37611, 18104, 9176, 35546, 2564, 36722, 33483, 9290, 10990, 1599, 10521]"
"[28828, 16185, 22720, 49131]"
"[36011, 11140, 27966, 33198, 24852, 45007, 2361, 35629, 47626, 59, 40706, 581, 47766, 27104]"
"[47766, 36944, 38003, 1752, 22034, 34358, 22935, 47626, 34126, 28842, 329, 26317, 8424, 24852, 45007, 31433, 21137, 2154, 39812, 14129, 48437]"
"[40993, 27395, 33819, 196, 28059, 28805]"
"[41290, 19660, 7781, 41844, 2966, 35951, 44643, 274, 48857, 19173, 46049, 38508, 6188, 37003, 1653, 16560]"
"[12732, 46061, 31506, 20518]"
"[35909, 3836, 25824, 1747, 6626, 39464, 22406, 9076, 29695, 11463, 32638, 5917, 16578, 927, 14348, 3990, 1905, 33065, 46041, 42460, 27801, 22275, 40310, 23020]"
"[16083, 34969, 47766, 31859]"
"[43565, 30062, 26509, 45769, 11075, 29076, 2915, 15129, 30584, 19766, 5818, 30169, 20842, 9076, 31268, 18135]"
[9463]
"[31717, 11576, 25199, 10017, 49235, 47209]"
"[44611, 20788]"
"[23288, 35221, 27086, 24701, 8501, 28871, 43631]"
"[41290, 9138, 9470, 4350, 5240, 21543, 25513, 8728]"
"[5456, 49131, 30489, 44292, 11520, 16759, 22935, 45066, 5618, 24964, 47626, 30918, 28999, 24269, 44910, 16965, 38374]"
"[38739, 5616, 21616, 39928, 37646, 30391, 9807, 24852, 44056]"
"[40706, 13245, 28985, 18234, 44359, 41220, 13176]"
"[28373, 11777, 1818, 18027, 9328, 36254, 39623, 30784, 15506, 24973, 24830, 23777]"
"[48697, 48017, 32467, 32717, 21903, 44449, 4920, 18523, 33787, 40571, 22124, 3988, 37067, 19173]"
"[22142, 6341, 14242, 16462]"
"[14218, 48395, 5212, 38689]"
"[4138, 13176, 38557, 45368, 18465, 40706, 45007, 47209, 25705]"
"[47209, 42082, 35135, 768, 2397, 2282, 43086]"
"[24838, 19155, 17948, 24489, 17874, 2380, 481]"
"[6331, 43641, 9284, 5971, 48841, 5875, 38553]"
"[40174, 7781, 21162, 2611, 28199, 27966, 13176, 47209]"
"[47209, 4920, 13176, 41273, 31555, 45007, 29734, 24631, 1234, 20740, 17872, 45646, 5450]"
"[42796, 27966, 3991, 13885, 40545, 21137, 11481, 11712, 37478, 11088, 47209, 22935, 16290, 18379, 2326, 33251, 45066, 43504]"
"[37524, 20512, 34429, 651]"
"[809, 28790]"
"[29429, 23082, 17616, 19836, 33894, 32403]"
"[13870, 45437, 45007, 47626, 44075, 21903, 5699, 10199, 33957, 19125, 10106, 7206, 20520, 35188, 32069, 24253, 8424, 21405, 31354, 19204]"
"[1463, 47209, 45046, 19578, 36086, 22667, 41950, 21903, 47759, 16185]"
"[24852, 27966, 28204, 26604, 32689, 27070]"
"[17273, 28535, 40396, 45957, 18765, 21802, 45167, 12572, 26410]"
"[13712, 15619, 13176, 46087, 43086, 30391]"
"[3007, 45007, 34214, 8022, 32864, 38293, 14491, 37524, 21903, 35921, 3266, 4605, 46505, 40604, 41170, 7054, 28985, 14129, 23165, 49383, 9339, 25133]"
"[47209, 41787, 23543, 45007, 4533, 38967, 14077, 4799, 32652, 7185, 45066, 14197, 27171, 10711, 34126, 33731, 38293]"
"[39275, 21137]"
"[5390, 22935, 39812, 15261, 46616, 29077, 19057, 23375]"
"[30489, 25588, 6992, 44359, 34448, 40709, 11777]"
"[432, 14633, 44632, 21903, 46979, 39558, 48679, 34124, 48485, 39430, 42495, 29487, 5450]"
"[45066, 35221, 44632]"
"[28204, 24852, 46676, 30169, 33754, 37262, 27761, 48667, 15902, 18721, 12607, 46749, 12909, 28199]"
"[228, 39947, 45747, 12576, 34668, 7963, 12144, 17149, 2326, 28769, 47766, 6740, 34969]"
"[24852, 18142, 26584, 37066, 46023, 49306, 37940, 21372, 1964, 32650, 15341, 5586, 45566, 28450, 18127, 14153, 9139, 27307, 28100, 32939, 19987, 7883, 23094, 38618, 27093, 24985, 35871]"
"[13176, 45570, 11005, 42701, 44404, 46802, 34584, 37825, 39005]"
[31506]
"[7801, 35951, 4831, 26620, 31687, 11350, 12957, 21616, 27966, 31391, 11707, 25556]"
"[47877, 1393, 39475, 39275]"
"[37687, 21903, 8048]"
"[47209, 30776, 45603, 19894, 6287, 32828, 39055, 41331, 45007, 22935, 21195, 38159, 5876, 27521, 29668, 43136, 18026, 11063, 41515, 20383, 4781, 3583, 10166]"
"[38483, 17983, 47977, 31102, 48907, 49082, 8193, 26369, 17334, 40203, 4605]"
"[46572, 15623, 33651, 31778, 24852, 17122, 1366, 32293, 45438, 25396, 44449, 11461]"
"[23375, 5161, 13176, 29987]"
"[10246, 9601, 28413, 31759, 33768, 30827, 15004, 10606, 32689, 23423]"
"[39001, 13176, 13259, 37710, 37919, 12732, 10509, 32079, 35199, 23423, 18441]"
"[17435, 35898, 36854, 43262, 22275]"
"[22935, 18656, 43712, 3873, 44632, 38383, 16759, 44359, 28528, 39812, 34126, 33320]"
"[24852, 8898, 7533, 44156, 15424, 45061, 40310, 30669, 4920, 22476, 23888, 47626, 44548, 2536, 37958, 10365, 42240, 43018, 31865, 13984, 42460, 9901, 25685, 14634, 43789]"
"[40939, 16953]"
"[28476, 42828, 34220, 41621, 19451, 27772, 22290, 48946, 23809, 20524, 25170, 25718]"
"[28970, 12916, 30695, 24852, 38400, 39046, 41844, 27243, 5782, 25146, 41290, 22882, 34230, 16696, 2408, 45066]"
[3527]
"[43739, 5258, 19660, 196, 47348]"
"[47759, 30827, 39281, 8803]"
"[42612, 23737, 21137, 26604, 24852, 4920, 27966, 47626, 21616, 10749, 42585, 6615, 13447, 47209, 8424, 27845, 27344, 38012, 40706, 5517]"
"[9436, 42719, 31683, 23291, 33929, 25824, 3213, 43192, 47209, 30776, 8479, 5073, 19511, 21019, 25199, 37029, 3333]"
"[30591, 13176, 42768]"
"[37011, 21709, 24644, 6236, 41348, 22559, 7437, 27196, 37489, 44142, 18394, 35124, 17545, 24425, 41178, 31196, 14140, 3544, 8016, 47058, 32858, 19051, 49605, 25376, 23700, 2803, 20249, 228]"
"[638, 34321, 6155, 14852, 24852, 44042, 39408]"
"[27845, 20119, 35004, 42265, 44632, 32433, 4520, 29305, 17747, 10243, 11535, 26606]"
"[5450, 13029, 6867, 13287, 19619, 42664, 32331, 47950, 24852, 26348, 41674, 14488, 27102, 37145, 27548, 45443, 13914, 15902]"
"[14576, 5782, 16696, 20171, 36551, 22959, 48370, 35898]"
"[47156, 37141, 11619, 22825, 37335, 37067, 19505, 43295]"
"[47766, 46886, 31371, 19348, 40706, 14947, 12572, 10481, 21267, 17803, 28204]"
"[41290, 49683, 29487, 20345, 24852, 32839]"
"[5876, 13176, 42579, 20632, 26800, 857, 21903, 35294]"
"[36076, 10949]"
[23194]
"[21937, 36216, 7185, 35108, 42953, 5692]"
[21137]
"[29584, 15995]"
"[29311, 19660, 11265, 4137]"
"[31495, 19348, 33198, 32156, 35628, 43928, 27325, 29941, 39428, 13176]"
"[21137, 5856, 44359, 33000, 9515, 14814, 32665, 6291, 3849, 26788, 12225, 5450, 38400, 27966, 43735, 16249, 21288, 24852, 18288, 20242]"
"[24852, 35163, 42093, 5322, 42265, 2091, 49683, 17224, 29370, 23237, 25087, 26301, 43014, 3020, 34134, 22969, 2664, 5491, 39977, 3951, 41030, 21506, 47766]"
"[10957, 29095, 15978, 44799, 4347, 38357, 40348, 19691, 24852, 39041, 26283, 3696, 11081, 4290, 46572, 4210, 10673, 44980, 5818, 30278, 41272, 8390, 4258, 37145, 42460]"
[44987]
"[49683, 27055, 8277, 5114, 16797, 26800, 2295]"
"[14233, 1194, 41950, 5876, 16610, 22935, 10246, 38012, 5499]"
"[14233, 33016, 15424, 8744, 13895, 28645, 2824]"
"[33752, 24385, 21137]"
"[46654, 24184, 48205, 19836, 36591, 31268, 44461, 32638, 19068, 6890, 46676, 32390, 7189, 34128]"
"[24852, 27090, 23288, 37718, 27845, 38544, 22474, 39561, 35633, 8087, 32839, 21137, 7185]"
"[20114, 48118, 25097, 27975, 34898]"
"[32850, 8277, 26790, 35221, 41149, 44310, 21903, 29370, 1215, 15899, 41844, 24838, 30776, 8580, 26209, 8424, 26940, 44359, 27336]"
"[23001, 48017, 41588, 6873, 27890, 41751, 21903, 32734]"
"[9358, 21195, 14419, 7751, 36839]"
"[21288, 26369, 44142, 28842, 26209, 47672, 43279, 36624, 33548, 48626, 38241, 11461, 31618, 46435, 47209, 13740, 34262, 21903, 45123, 40332, 30007, 24852, 9076, 30668, 42606]"
"[35914, 13176, 47280, 43295, 11520, 18880, 7388, 36342, 9595, 19678, 43772, 21137, 12464, 26940, 26177, 35566]"
"[26165, 29118, 33198, 16848, 25931, 13292, 6692, 45104, 2825, 37646, 35939, 47626, 21938, 39275, 5141, 34243, 49683, 38290, 5134]"
"[1700, 3599, 20600, 25588, 26088, 26620]"
[30339]
"[14114, 33783]"
"[13176, 17530, 7808, 5487, 39203, 13596, 22220, 17044, 22844, 38239, 397, 3376, 260]"
"[24789, 42216, 34221, 38400, 30720, 37687, 24390, 32303, 22151, 34993]"
"[14874, 32338, 27398, 21344, 32285, 24852, 32303, 26706, 10343, 40354, 19174, 44389, 42980, 12094, 11629, 28378, 34134, 36601, 23431, 13732, 33249, 33915, 9387, 13194]"
"[15261, 17794, 3339, 5165, 46665, 18434, 32145, 651, 42736, 3787, 8570]"
"[45633, 3869, 34498, 48186, 8622]"
"[44293, 13535, 18523, 21137, 26915, 31288, 11737, 34969, 6489, 14917, 33754, 8061, 5456, 47990, 17579]"
"[14947, 33454, 33782, 6799, 8580]"
"[31486, 34519, 6224, 27246, 28910, 35915, 6201, 38620, 43336, 7933, 21363, 38603, 1831, 30353, 3042, 21150, 46521, 30703, 24168]"
"[43154, 22802]"
[34358]
"[29205, 17462, 47626, 36406, 45774, 17027, 28842]"
"[12341, 42265, 35951]"
"[18994, 18027, 40723, 46676, 21709, 44683, 20995, 10621, 4920, 46906, 5785]"
"[34050, 12916, 36929, 34230, 46650, 15572, 4605, 26706, 42450, 20226]"
"[13176, 30489, 39180, 16616, 22935, 27086, 26209, 1999, 38293, 44449, 27156, 31717, 14462, 39055, 48094, 40706, 43789, 33731, 9839, 27845, 46979, 5876, 21137, 27966]"
"[37067, 7649, 46906, 45066, 41787, 2809]"
"[43457, 27985]"
"[19660, 10768, 36127, 30385, 13176, 12756, 19057]"
"[18659, 44142, 30695, 27966, 31215, 27344, 8479, 13176, 29615, 46941, 3977, 41771, 38727, 5251, 45]"
"[28199, 13249, 47890, 43209, 49007, 29930, 43026, 35147, 15160, 45500, 47098, 36086]"
"[35176, 27845, 19176, 10337, 40604, 5575, 11512, 34953]"
"[6297, 7781, 37792, 12013]"
"[49235, 4367, 12398, 16521, 27292, 18288, 28682, 7484]"
"[31139, 5479, 20794, 4472, 16387, 41860, 768, 14870, 11182, 11140, 18689, 30749, 40706]"
"[21137, 27966, 21616, 37646, 25705, 13176, 47766, 46709, 18441, 24964, 20842, 4799, 27104, 16987, 16726]"
"[22740, 18339, 2450, 3856, 6473, 29487, 47209, 41277]"
"[1998, 5487, 45343]"
"[45906, 8076, 8309, 28465, 13511, 34458, 3283, 27705, 32402, 39099, 28597]"
"[13129, 19213, 36962, 22952, 44475, 3676, 5077, 3318, 27761, 3732, 6359, 41290, 15428, 5101, 42562, 4163, 27038, 47683, 15100]"
"[41220, 40706, 45007, 27336, 28928, 5479, 15438, 18963, 49235, 45276, 42508, 42342, 23791, 44269, 21903, 24518, 14739, 13425, 11688, 22227]"
"[37119, 27845, 17600, 21137, 5189, 11352, 21096]"
[23288]
"[22927, 16428, 43758, 11437, 29326, 2439, 20287, 26706, 33120, 9621, 9839, 12464]"
"[37417, 3420, 49374, 32664, 38293, 11182, 20114]"
"[3957, 35361, 21461, 5899, 45955]"
"[11687, 12397, 4493, 36758, 38949]"
"[31288, 24891, 22935, 10132, 25753, 22164, 24852, 5959, 47209, 26201, 9339, 3599, 38274, 13535, 27344, 42701, 10749, 21938, 27509, 18465, 651, 49235, 39921]"
"[22935, 21938, 34358, 21781, 32261]"
"[6637, 39993, 38996, 34358, 2180, 44987, 49381, 43129, 26314, 32446, 41480, 22935, 14502, 27189]"
"[35842, 35871, 25843, 26431, 46069, 45154, 26369, 34137, 47217, 17105, 49075, 18918, 30743, 32652]"
"[43967, 17794, 32864, 44359, 34126, 24964, 47734, 13629, 14540, 13176, 10885, 38147, 36926, 10749, 48017, 46667, 13852]"
"[17794, 44359, 21938, 45535, 22935, 21010, 25089, 41950]"
"[46313, 39947, 17008, 35168]"
"[20119, 14947, 44632, 35221, 21709, 21108, 39921, 12916]"
"[5746, 46138, 43352, 21410, 10528]"
"[47780, 21137, 4920, 38557, 27012, 37119, 13249, 5785]"
"[31040, 13646, 14891, 19478, 939]"
"[5258, 43352, 30406, 21195, 14966, 24125]"
"[25146, 20574, 44142, 26369, 38772, 31717, 48395, 1823, 28289, 4920, 26209, 46979, 28278, 39619, 13249, 21137, 37011, 37687, 39275, 40516]"
"[13147, 5223, 44461]"
"[21133, 34024, 13909, 12916, 13545, 40893, 5039, 16315, 10193, 38737, 294, 39612]"
